,Date,Team,Played,Clean Sheets,GF,GA,GD,Points,Position
0,2016-01-01,Arsenal,0,0,0,0,0,0,NA
1,2016-01-01,Bournemouth,0,0,0,0,0,0,NA
2,2016-01-01,Burnley,0,0,0,0,0,0,NA
3,2016-01-01,Chelsea,0,0,0,0,0,0,NA
4,2016-01-01,Crystal Palace,0,0,0,0,0,0,NA
5,2016-01-01,Everton,0,0,0,0,0,0,NA
6,2016-01-01,Hull City,0,0,0,0,0,0,NA
7,2016-01-01,Leicester City,0,0,0,0,0,0,NA
8,2016-01-01,Liverpool,0,0,0,0,0,0,NA
9,2016-01-01,Manchester City,0,0,0,0,0,0,NA
10,2016-01-01,Manchester Utd,0,0,0,0,0,0,NA
11,2016-01-01,Middlesbrough,0,0,0,0,0,0,NA
12,2016-01-01,Southampton,0,0,0,0,0,0,NA
13,2016-01-01,Stoke City,0,0,0,0,0,0,NA
14,2016-01-01,Sunderland,0,0,0,0,0,0,NA
15,2016-01-01,Swansea City,0,0,0,0,0,0,NA
16,2016-01-01,Tottenham,0,0,0,0,0,0,NA
17,2016-01-01,Watford,0,0,0,0,0,0,NA
18,2016-01-01,West Brom,0,0,0,0,0,0,NA
19,2016-01-01,West Ham,0,0,0,0,0,0,NA
20,2016-08-13,Arsenal,0,0,0,0,0,0,11
21,2016-08-13,Bournemouth,0,0,0,0,0,0,12
22,2016-08-13,Burnley,1,0,0,1,-1,0,19
23,2016-08-13,Chelsea,0,0,0,0,0,0,13
24,2016-08-13,Crystal Palace,1,0,0,1,-1,0,20
25,2016-08-13,Everton,1,0,1,1,0,1,5
26,2016-08-13,Hull City,1,0,2,1,1,3,1
27,2016-08-13,Leicester City,1,0,1,2,-1,0,17
28,2016-08-13,Liverpool,0,0,0,0,0,0,14
29,2016-08-13,Manchester City,1,0,2,1,1,3,2
30,2016-08-13,Manchester Utd,0,0,0,0,0,0,15
31,2016-08-13,Middlesbrough,1,0,1,1,0,1,6
32,2016-08-13,Southampton,1,0,1,1,0,1,7
33,2016-08-13,Stoke City,1,0,1,1,0,1,8
34,2016-08-13,Sunderland,1,0,1,2,-1,0,18
35,2016-08-13,Swansea City,1,1,1,0,1,3,3
36,2016-08-13,Tottenham,1,0,1,1,0,1,9
37,2016-08-13,Watford,1,0,1,1,0,1,10
38,2016-08-13,West Brom,1,1,1,0,1,3,4
39,2016-08-13,West Ham,0,0,0,0,0,0,16
40,2016-08-14,Arsenal,1,0,3,4,-1,0,15
41,2016-08-14,Bournemouth,1,0,1,3,-2,0,20
42,2016-08-14,Burnley,1,0,0,1,-1,0,18
43,2016-08-14,Chelsea,0,0,0,0,0,0,13
44,2016-08-14,Crystal Palace,1,0,0,1,-1,0,19
45,2016-08-14,Everton,1,0,1,1,0,1,7
46,2016-08-14,Hull City,1,0,2,1,1,3,3
47,2016-08-14,Leicester City,1,0,1,2,-1,0,16
48,2016-08-14,Liverpool,1,0,4,3,1,3,2
49,2016-08-14,Manchester City,1,0,2,1,1,3,4
50,2016-08-14,Manchester Utd,1,0,3,1,2,3,1
51,2016-08-14,Middlesbrough,1,0,1,1,0,1,8
52,2016-08-14,Southampton,1,0,1,1,0,1,9
53,2016-08-14,Stoke City,1,0,1,1,0,1,10
54,2016-08-14,Sunderland,1,0,1,2,-1,0,17
55,2016-08-14,Swansea City,1,1,1,0,1,3,5
56,2016-08-14,Tottenham,1,0,1,1,0,1,11
57,2016-08-14,Watford,1,0,1,1,0,1,12
58,2016-08-14,West Brom,1,1,1,0,1,3,6
59,2016-08-14,West Ham,0,0,0,0,0,0,14
60,2016-08-15,Arsenal,1,0,3,4,-1,0,14
61,2016-08-15,Bournemouth,1,0,1,3,-2,0,20
62,2016-08-15,Burnley,1,0,0,1,-1,0,18
63,2016-08-15,Chelsea,1,0,2,1,1,3,3
64,2016-08-15,Crystal Palace,1,0,0,1,-1,0,19
65,2016-08-15,Everton,1,0,1,1,0,1,8
66,2016-08-15,Hull City,1,0,2,1,1,3,4
67,2016-08-15,Leicester City,1,0,1,2,-1,0,15
68,2016-08-15,Liverpool,1,0,4,3,1,3,2
69,2016-08-15,Manchester City,1,0,2,1,1,3,5
70,2016-08-15,Manchester Utd,1,0,3,1,2,3,1
71,2016-08-15,Middlesbrough,1,0,1,1,0,1,9
72,2016-08-15,Southampton,1,0,1,1,0,1,10
73,2016-08-15,Stoke City,1,0,1,1,0,1,11
74,2016-08-15,Sunderland,1,0,1,2,-1,0,16
75,2016-08-15,Swansea City,1,1,1,0,1,3,6
76,2016-08-15,Tottenham,1,0,1,1,0,1,12
77,2016-08-15,Watford,1,0,1,1,0,1,13
78,2016-08-15,West Brom,1,1,1,0,1,3,7
79,2016-08-15,West Ham,1,0,1,2,-1,0,17
80,2016-08-19,Arsenal,1,0,3,4,-1,0,14
81,2016-08-19,Bournemouth,1,0,1,3,-2,0,20
82,2016-08-19,Burnley,1,0,0,1,-1,0,18
83,2016-08-19,Chelsea,1,0,2,1,1,3,3
84,2016-08-19,Crystal Palace,1,0,0,1,-1,0,19
85,2016-08-19,Everton,1,0,1,1,0,1,8
86,2016-08-19,Hull City,1,0,2,1,1,3,4
87,2016-08-19,Leicester City,1,0,1,2,-1,0,15
88,2016-08-19,Liverpool,1,0,4,3,1,3,2
89,2016-08-19,Manchester City,1,0,2,1,1,3,5
90,2016-08-19,Manchester Utd,2,1,5,1,4,6,1
91,2016-08-19,Middlesbrough,1,0,1,1,0,1,9
92,2016-08-19,Southampton,2,0,1,3,-2,1,13
93,2016-08-19,Stoke City,1,0,1,1,0,1,10
94,2016-08-19,Sunderland,1,0,1,2,-1,0,16
95,2016-08-19,Swansea City,1,1,1,0,1,3,6
96,2016-08-19,Tottenham,1,0,1,1,0,1,11
97,2016-08-19,Watford,1,0,1,1,0,1,12
98,2016-08-19,West Brom,1,1,1,0,1,3,7
99,2016-08-19,West Ham,1,0,1,2,-1,0,17
100,2016-08-20,Arsenal,2,1,3,4,-1,1,12
101,2016-08-20,Bournemouth,1,0,1,3,-2,0,19
102,2016-08-20,Burnley,2,1,2,1,1,3,7
103,2016-08-20,Chelsea,2,0,4,2,2,6,4
104,2016-08-20,Crystal Palace,2,0,0,2,-2,0,20
105,2016-08-20,Everton,2,0,3,2,1,4,5
106,2016-08-20,Hull City,2,1,4,1,3,6,3
107,2016-08-20,Leicester City,2,1,1,2,-1,1,14
108,2016-08-20,Liverpool,2,0,4,5,-1,3,9
109,2016-08-20,Manchester City,2,0,6,2,4,6,1
110,2016-08-20,Manchester Utd,2,1,5,1,4,6,2
111,2016-08-20,Middlesbrough,1,0,1,1,0,1,11
112,2016-08-20,Southampton,2,0,1,3,-2,1,15
113,2016-08-20,Stoke City,2,0,2,5,-3,1,16
114,2016-08-20,Sunderland,1,0,1,2,-1,0,17
115,2016-08-20,Swansea City,2,1,1,2,-1,3,10
116,2016-08-20,Tottenham,2,1,2,1,1,4,6
117,2016-08-20,Watford,2,0,2,3,-1,1,13
118,2016-08-20,West Brom,2,1,2,2,0,3,8
119,2016-08-20,West Ham,1,0,1,2,-1,0,18
120,2016-08-21,Arsenal,2,1,3,4,-1,1,13
121,2016-08-21,Bournemouth,2,0,1,4,-3,0,20
122,2016-08-21,Burnley,2,1,2,1,1,3,8
123,2016-08-21,Chelsea,2,0,4,2,2,6,4
124,2016-08-21,Crystal Palace,2,0,0,2,-2,0,19
125,2016-08-21,Everton,2,0,3,2,1,4,5
126,2016-08-21,Hull City,2,1,4,1,3,6,3
127,2016-08-21,Leicester City,2,1,1,2,-1,1,15
128,2016-08-21,Liverpool,2,0,4,5,-1,3,11
129,2016-08-21,Manchester City,2,0,6,2,4,6,1
130,2016-08-21,Manchester Utd,2,1,5,1,4,6,2
131,2016-08-21,Middlesbrough,2,0,3,2,1,4,6
132,2016-08-21,Southampton,2,0,1,3,-2,1,16
133,2016-08-21,Stoke City,2,0,2,5,-3,1,17
134,2016-08-21,Sunderland,2,0,2,4,-2,0,18
135,2016-08-21,Swansea City,2,1,1,2,-1,3,12
136,2016-08-21,Tottenham,2,1,2,1,1,4,7
137,2016-08-21,Watford,2,0,2,3,-1,1,14
138,2016-08-21,West Brom,2,1,2,2,0,3,9
139,2016-08-21,West Ham,2,1,2,2,0,3,10
140,2016-08-27,Arsenal,3,1,6,5,1,4,7
141,2016-08-27,Bournemouth,3,0,2,5,-3,1,19
142,2016-08-27,Burnley,3,1,2,4,-2,3,13
143,2016-08-27,Chelsea,3,1,7,2,5,9,1
144,2016-08-27,Crystal Palace,3,0,1,3,-2,1,17
145,2016-08-27,Everton,3,1,4,2,2,7,3
146,2016-08-27,Hull City,3,1,4,2,2,6,5
147,2016-08-27,Leicester City,3,1,3,3,0,4,9
148,2016-08-27,Liverpool,3,0,5,6,-1,4,10
149,2016-08-27,Manchester City,2,0,6,2,4,6,4
150,2016-08-27,Manchester Utd,3,2,6,1,5,9,2
151,2016-08-27,Middlesbrough,2,0,3,2,1,4,8
152,2016-08-27,Southampton,3,0,2,4,-2,2,15
153,2016-08-27,Stoke City,3,0,2,6,-4,1,20
154,2016-08-27,Sunderland,3,0,3,5,-2,1,16
155,2016-08-27,Swansea City,3,1,2,4,-2,3,14
156,2016-08-27,Tottenham,3,1,3,2,1,5,6
157,2016-08-27,Watford,3,0,3,6,-3,1,18
158,2016-08-27,West Brom,2,1,2,2,0,3,11
159,2016-08-27,West Ham,2,1,2,2,0,3,12
160,2016-08-28,Arsenal,3,1,6,5,1,4,8
161,2016-08-28,Bournemouth,3,0,2,5,-3,1,19
162,2016-08-28,Burnley,3,1,2,4,-2,3,13
163,2016-08-28,Chelsea,3,1,7,2,5,9,2
164,2016-08-28,Crystal Palace,3,0,1,3,-2,1,17
165,2016-08-28,Everton,3,1,4,2,2,7,4
166,2016-08-28,Hull City,3,1,4,2,2,6,5
167,2016-08-28,Leicester City,3,1,3,3,0,4,9
168,2016-08-28,Liverpool,3,0,5,6,-1,4,11
169,2016-08-28,Manchester City,3,0,9,3,6,9,1
170,2016-08-28,Manchester Utd,3,2,6,1,5,9,3
171,2016-08-28,Middlesbrough,3,1,3,2,1,5,6
172,2016-08-28,Southampton,3,0,2,4,-2,2,15
173,2016-08-28,Stoke City,3,0,2,6,-4,1,20
174,2016-08-28,Sunderland,3,0,3,5,-2,1,16
175,2016-08-28,Swansea City,3,1,2,4,-2,3,14
176,2016-08-28,Tottenham,3,1,3,2,1,5,7
177,2016-08-28,Watford,3,0,3,6,-3,1,18
178,2016-08-28,West Brom,3,2,2,2,0,4,10
179,2016-08-28,West Ham,3,1,3,5,-2,3,12
180,2016-09-10,Arsenal,4,1,8,6,2,7,6
181,2016-09-10,Bournemouth,4,1,3,5,-2,4,13
182,2016-09-10,Burnley,4,1,3,5,-2,4,14
183,2016-09-10,Chelsea,3,1,7,2,5,9,2
184,2016-09-10,Crystal Palace,4,0,3,4,-1,4,11
185,2016-09-10,Everton,3,1,4,2,2,7,8
186,2016-09-10,Hull City,4,1,5,3,2,7,7
187,2016-09-10,Leicester City,4,1,4,7,-3,4,15
188,2016-09-10,Liverpool,4,0,9,7,2,7,5
189,2016-09-10,Manchester City,4,0,11,4,7,12,1
190,2016-09-10,Manchester Utd,4,2,7,3,4,9,3
191,2016-09-10,Middlesbrough,4,1,4,4,0,5,9
192,2016-09-10,Southampton,4,0,3,6,-3,2,18
193,2016-09-10,Stoke City,4,0,2,10,-8,1,20
194,2016-09-10,Sunderland,3,0,3,5,-2,1,19
195,2016-09-10,Swansea City,3,1,2,4,-2,3,16
196,2016-09-10,Tottenham,4,2,7,2,5,8,4
197,2016-09-10,Watford,4,0,7,8,-1,4,10
198,2016-09-10,West Brom,4,2,2,3,-1,4,12
199,2016-09-10,West Ham,4,1,5,9,-4,3,17
200,2016-09-11,Arsenal,4,1,8,6,2,7,6
201,2016-09-11,Bournemouth,4,1,3,5,-2,4,14
202,2016-09-11,Burnley,4,1,3,5,-2,4,15
203,2016-09-11,Chelsea,4,1,9,4,5,10,2
204,2016-09-11,Crystal Palace,4,0,3,4,-1,4,11
205,2016-09-11,Everton,3,1,4,2,2,7,8
206,2016-09-11,Hull City,4,1,5,3,2,7,7
207,2016-09-11,Leicester City,4,1,4,7,-3,4,16
208,2016-09-11,Liverpool,4,0,9,7,2,7,5
209,2016-09-11,Manchester City,4,0,11,4,7,12,1
210,2016-09-11,Manchester Utd,4,2,7,3,4,9,3
211,2016-09-11,Middlesbrough,4,1,4,4,0,5,9
212,2016-09-11,Southampton,4,0,3,6,-3,2,18
213,2016-09-11,Stoke City,4,0,2,10,-8,1,20
214,2016-09-11,Sunderland,3,0,3,5,-2,1,19
215,2016-09-11,Swansea City,4,1,4,6,-2,4,13
216,2016-09-11,Tottenham,4,2,7,2,5,8,4
217,2016-09-11,Watford,4,0,7,8,-1,4,10
218,2016-09-11,West Brom,4,2,2,3,-1,4,12
219,2016-09-11,West Ham,4,1,5,9,-4,3,17
220,2016-09-12,Arsenal,4,1,8,6,2,7,7
221,2016-09-12,Bournemouth,4,1,3,5,-2,4,14
222,2016-09-12,Burnley,4,1,3,5,-2,4,15
223,2016-09-12,Chelsea,4,1,9,4,5,10,2
224,2016-09-12,Crystal Palace,4,0,3,4,-1,4,11
225,2016-09-12,Everton,4,2,7,2,5,10,3
226,2016-09-12,Hull City,4,1,5,3,2,7,8
227,2016-09-12,Leicester City,4,1,4,7,-3,4,16
228,2016-09-12,Liverpool,4,0,9,7,2,7,6
229,2016-09-12,Manchester City,4,0,11,4,7,12,1
230,2016-09-12,Manchester Utd,4,2,7,3,4,9,4
231,2016-09-12,Middlesbrough,4,1,4,4,0,5,9
232,2016-09-12,Southampton,4,0,3,6,-3,2,18
233,2016-09-12,Stoke City,4,0,2,10,-8,1,20
234,2016-09-12,Sunderland,4,0,3,8,-5,1,19
235,2016-09-12,Swansea City,4,1,4,6,-2,4,13
236,2016-09-12,Tottenham,4,2,7,2,5,8,5
237,2016-09-12,Watford,4,0,7,8,-1,4,10
238,2016-09-12,West Brom,4,2,2,3,-1,4,12
239,2016-09-12,West Ham,4,1,5,9,-4,3,17
240,2016-09-16,Arsenal,4,1,8,6,2,7,7
241,2016-09-16,Bournemouth,4,1,3,5,-2,4,14
242,2016-09-16,Burnley,4,1,3,5,-2,4,15
243,2016-09-16,Chelsea,5,1,10,6,4,10,3
244,2016-09-16,Crystal Palace,4,0,3,4,-1,4,11
245,2016-09-16,Everton,4,2,7,2,5,10,2
246,2016-09-16,Hull City,4,1,5,3,2,7,8
247,2016-09-16,Leicester City,4,1,4,7,-3,4,16
248,2016-09-16,Liverpool,5,0,11,8,3,10,4
249,2016-09-16,Manchester City,4,0,11,4,7,12,1
250,2016-09-16,Manchester Utd,4,2,7,3,4,9,5
251,2016-09-16,Middlesbrough,4,1,4,4,0,5,9
252,2016-09-16,Southampton,4,0,3,6,-3,2,18
253,2016-09-16,Stoke City,4,0,2,10,-8,1,20
254,2016-09-16,Sunderland,4,0,3,8,-5,1,19
255,2016-09-16,Swansea City,4,1,4,6,-2,4,13
256,2016-09-16,Tottenham,4,2,7,2,5,8,6
257,2016-09-16,Watford,4,0,7,8,-1,4,10
258,2016-09-16,West Brom,4,2,2,3,-1,4,12
259,2016-09-16,West Ham,4,1,5,9,-4,3,17
260,2016-09-17,Arsenal,5,1,12,7,5,10,3
261,2016-09-17,Bournemouth,5,1,3,9,-6,4,16
262,2016-09-17,Burnley,5,1,3,8,-5,4,15
263,2016-09-17,Chelsea,5,1,10,6,4,10,4
264,2016-09-17,Crystal Palace,4,0,3,4,-1,4,13
265,2016-09-17,Everton,5,2,10,3,7,13,2
266,2016-09-17,Hull City,5,1,6,7,-1,7,10
267,2016-09-17,Leicester City,5,2,7,7,0,7,9
268,2016-09-17,Liverpool,5,0,11,8,3,10,5
269,2016-09-17,Manchester City,5,1,15,4,11,15,1
270,2016-09-17,Manchester Utd,4,2,7,3,4,9,6
271,2016-09-17,Middlesbrough,5,1,5,7,-2,5,11
272,2016-09-17,Southampton,4,0,3,6,-3,2,18
273,2016-09-17,Stoke City,4,0,2,10,-8,1,20
274,2016-09-17,Sunderland,4,0,3,8,-5,1,19
275,2016-09-17,Swansea City,4,1,4,6,-2,4,14
276,2016-09-17,Tottenham,4,2,7,2,5,8,7
277,2016-09-17,Watford,4,0,7,8,-1,4,12
278,2016-09-17,West Brom,5,2,6,5,1,7,8
279,2016-09-17,West Ham,5,1,7,13,-6,3,17
280,2016-09-18,Arsenal,5,1,12,7,5,10,4
281,2016-09-18,Bournemouth,5,1,3,9,-6,4,17
282,2016-09-18,Burnley,5,1,3,8,-5,4,16
283,2016-09-18,Chelsea,5,1,10,6,4,10,5
284,2016-09-18,Crystal Palace,5,0,7,5,2,7,8
285,2016-09-18,Everton,5,2,10,3,7,13,2
286,2016-09-18,Hull City,5,1,6,7,-1,7,12
287,2016-09-18,Leicester City,5,2,7,7,0,7,11
288,2016-09-18,Liverpool,5,0,11,8,3,10,6
289,2016-09-18,Manchester City,5,1,15,4,11,15,1
290,2016-09-18,Manchester Utd,5,2,8,6,2,9,7
291,2016-09-18,Middlesbrough,5,1,5,7,-2,5,13
292,2016-09-18,Southampton,5,1,4,6,-2,5,14
293,2016-09-18,Stoke City,5,0,3,14,-11,1,20
294,2016-09-18,Sunderland,5,0,3,9,-6,1,19
295,2016-09-18,Swansea City,5,1,4,7,-3,4,15
296,2016-09-18,Tottenham,5,3,8,2,6,11,3
297,2016-09-18,Watford,5,0,10,9,1,7,9
298,2016-09-18,West Brom,5,2,6,5,1,7,10
299,2016-09-18,West Ham,5,1,7,13,-6,3,18
300,2016-09-24,Arsenal,6,2,15,7,8,13,3
301,2016-09-24,Bournemouth,6,2,4,9,-5,7,13
302,2016-09-24,Burnley,5,1,3,8,-5,4,17
303,2016-09-24,Chelsea,6,1,10,9,1,10,8
304,2016-09-24,Crystal Palace,6,0,10,7,3,10,7
305,2016-09-24,Everton,6,2,10,4,6,13,5
306,2016-09-24,Hull City,6,1,7,12,-5,7,12
307,2016-09-24,Leicester City,6,2,8,11,-3,7,11
308,2016-09-24,Liverpool,6,0,16,9,7,13,4
309,2016-09-24,Manchester City,6,1,18,5,13,18,1
310,2016-09-24,Manchester Utd,6,2,12,7,5,12,6
311,2016-09-24,Middlesbrough,6,1,6,9,-3,5,15
312,2016-09-24,Southampton,5,1,4,6,-2,5,14
313,2016-09-24,Stoke City,6,0,4,15,-11,2,19
314,2016-09-24,Sunderland,6,0,5,12,-7,1,20
315,2016-09-24,Swansea City,6,1,5,10,-5,4,16
316,2016-09-24,Tottenham,6,3,10,3,7,14,2
317,2016-09-24,Watford,5,0,10,9,1,7,10
318,2016-09-24,West Brom,6,2,7,6,1,8,9
319,2016-09-24,West Ham,5,1,7,13,-6,3,18
320,2016-09-25,Arsenal,6,2,15,7,8,13,3
321,2016-09-25,Bournemouth,6,2,4,9,-5,7,14
322,2016-09-25,Burnley,5,1,3,8,-5,4,17
323,2016-09-25,Chelsea,6,1,10,9,1,10,8
324,2016-09-25,Crystal Palace,6,0,10,7,3,10,7
325,2016-09-25,Everton,6,2,10,4,6,13,5
326,2016-09-25,Hull City,6,1,7,12,-5,7,13
327,2016-09-25,Leicester City,6,2,8,11,-3,7,12
328,2016-09-25,Liverpool,6,0,16,9,7,13,4
329,2016-09-25,Manchester City,6,1,18,5,13,18,1
330,2016-09-25,Manchester Utd,6,2,12,7,5,12,6
331,2016-09-25,Middlesbrough,6,1,6,9,-3,5,15
332,2016-09-25,Southampton,6,2,7,6,1,8,9
333,2016-09-25,Stoke City,6,0,4,15,-11,2,19
334,2016-09-25,Sunderland,6,0,5,12,-7,1,20
335,2016-09-25,Swansea City,6,1,5,10,-5,4,16
336,2016-09-25,Tottenham,6,3,10,3,7,14,2
337,2016-09-25,Watford,5,0,10,9,1,7,11
338,2016-09-25,West Brom,6,2,7,6,1,8,10
339,2016-09-25,West Ham,6,1,7,16,-9,3,18
340,2016-09-26,Arsenal,6,2,15,7,8,13,3
341,2016-09-26,Bournemouth,6,2,4,9,-5,7,15
342,2016-09-26,Burnley,6,2,5,8,-3,7,13
343,2016-09-26,Chelsea,6,1,10,9,1,10,8
344,2016-09-26,Crystal Palace,6,0,10,7,3,10,7
345,2016-09-26,Everton,6,2,10,4,6,13,5
346,2016-09-26,Hull City,6,1,7,12,-5,7,14
347,2016-09-26,Leicester City,6,2,8,11,-3,7,12
348,2016-09-26,Liverpool,6,0,16,9,7,13,4
349,2016-09-26,Manchester City,6,1,18,5,13,18,1
350,2016-09-26,Manchester Utd,6,2,12,7,5,12,6
351,2016-09-26,Middlesbrough,6,1,6,9,-3,5,16
352,2016-09-26,Southampton,6,2,7,6,1,8,9
353,2016-09-26,Stoke City,6,0,4,15,-11,2,19
354,2016-09-26,Sunderland,6,0,5,12,-7,1,20
355,2016-09-26,Swansea City,6,1,5,10,-5,4,17
356,2016-09-26,Tottenham,6,3,10,3,7,14,2
357,2016-09-26,Watford,6,0,10,11,-1,7,11
358,2016-09-26,West Brom,6,2,7,6,1,8,10
359,2016-09-26,West Ham,6,1,7,16,-9,3,18
360,2016-09-30,Arsenal,6,2,15,7,8,13,4
361,2016-09-30,Bournemouth,6,2,4,9,-5,7,15
362,2016-09-30,Burnley,6,2,5,8,-3,7,13
363,2016-09-30,Chelsea,6,1,10,9,1,10,8
364,2016-09-30,Crystal Palace,7,0,11,8,3,11,7
365,2016-09-30,Everton,7,2,11,5,6,14,3
366,2016-09-30,Hull City,6,1,7,12,-5,7,14
367,2016-09-30,Leicester City,6,2,8,11,-3,7,12
368,2016-09-30,Liverpool,6,0,16,9,7,13,5
369,2016-09-30,Manchester City,6,1,18,5,13,18,1
370,2016-09-30,Manchester Utd,6,2,12,7,5,12,6
371,2016-09-30,Middlesbrough,6,1,6,9,-3,5,16
372,2016-09-30,Southampton,6,2,7,6,1,8,9
373,2016-09-30,Stoke City,6,0,4,15,-11,2,19
374,2016-09-30,Sunderland,6,0,5,12,-7,1,20
375,2016-09-30,Swansea City,6,1,5,10,-5,4,17
376,2016-09-30,Tottenham,6,3,10,3,7,14,2
377,2016-09-30,Watford,6,0,10,11,-1,7,11
378,2016-09-30,West Brom,6,2,7,6,1,8,10
379,2016-09-30,West Ham,6,1,7,16,-9,3,18
380,2016-10-01,Arsenal,6,2,15,7,8,13,5
381,2016-10-01,Bournemouth,7,2,6,11,-5,8,12
382,2016-10-01,Burnley,6,2,5,8,-3,7,14
383,2016-10-01,Chelsea,7,2,12,9,3,13,6
384,2016-10-01,Crystal Palace,7,0,11,8,3,11,8
385,2016-10-01,Everton,7,2,11,5,6,14,4
386,2016-10-01,Hull City,7,1,7,14,-7,7,15
387,2016-10-01,Leicester City,6,2,8,11,-3,7,13
388,2016-10-01,Liverpool,7,0,18,10,8,16,2
389,2016-10-01,Manchester City,6,1,18,5,13,18,1
390,2016-10-01,Manchester Utd,6,2,12,7,5,12,7
391,2016-10-01,Middlesbrough,7,1,7,10,-3,6,16
392,2016-10-01,Southampton,6,2,7,6,1,8,10
393,2016-10-01,Stoke City,6,0,4,15,-11,2,20
394,2016-10-01,Sunderland,7,0,6,13,-7,2,19
395,2016-10-01,Swansea City,7,1,6,12,-6,4,17
396,2016-10-01,Tottenham,6,3,10,3,7,14,3
397,2016-10-01,Watford,7,0,12,13,-1,8,11
398,2016-10-01,West Brom,7,2,8,7,1,9,9
399,2016-10-01,West Ham,7,1,8,17,-9,4,18
400,2016-10-02,Arsenal,7,3,16,7,9,16,3
401,2016-10-02,Bournemouth,7,2,6,11,-5,8,13
402,2016-10-02,Burnley,7,2,5,9,-4,7,14
403,2016-10-02,Chelsea,7,2,12,9,3,13,7
404,2016-10-02,Crystal Palace,7,0,11,8,3,11,8
405,2016-10-02,Everton,7,2,11,5,6,14,5
406,2016-10-02,Hull City,7,1,7,14,-7,7,15
407,2016-10-02,Leicester City,7,3,8,11,-3,8,12
408,2016-10-02,Liverpool,7,0,18,10,8,16,4
409,2016-10-02,Manchester City,7,1,18,7,11,18,1
410,2016-10-02,Manchester Utd,7,2,13,8,5,13,6
411,2016-10-02,Middlesbrough,7,1,7,10,-3,6,16
412,2016-10-02,Southampton,7,3,7,6,1,9,10
413,2016-10-02,Stoke City,7,0,5,16,-11,3,19
414,2016-10-02,Sunderland,7,0,6,13,-7,2,20
415,2016-10-02,Swansea City,7,1,6,12,-6,4,17
416,2016-10-02,Tottenham,7,4,12,3,9,17,2
417,2016-10-02,Watford,7,0,12,13,-1,8,11
418,2016-10-02,West Brom,7,2,8,7,1,9,9
419,2016-10-02,West Ham,7,1,8,17,-9,4,18
420,2016-10-15,Arsenal,8,3,19,9,10,19,2
421,2016-10-15,Bournemouth,8,2,12,12,0,11,9
422,2016-10-15,Burnley,7,2,5,9,-4,7,14
423,2016-10-15,Chelsea,8,3,15,9,6,16,5
424,2016-10-15,Crystal Palace,8,0,11,9,2,11,8
425,2016-10-15,Everton,8,2,12,6,6,15,6
426,2016-10-15,Hull City,8,1,8,20,-12,7,16
427,2016-10-15,Leicester City,8,3,8,14,-6,8,13
428,2016-10-15,Liverpool,7,0,18,10,8,16,4
429,2016-10-15,Manchester City,8,1,19,8,11,19,1
430,2016-10-15,Manchester Utd,7,2,13,8,5,13,7
431,2016-10-15,Middlesbrough,7,1,7,10,-3,6,17
432,2016-10-15,Southampton,7,3,7,6,1,9,11
433,2016-10-15,Stoke City,8,1,7,16,-9,6,18
434,2016-10-15,Sunderland,8,0,6,15,-9,2,20
435,2016-10-15,Swansea City,8,1,8,15,-7,4,19
436,2016-10-15,Tottenham,8,4,13,4,9,18,3
437,2016-10-15,Watford,7,0,12,13,-1,8,12
438,2016-10-15,West Brom,8,2,9,8,1,10,10
439,2016-10-15,West Ham,8,2,9,17,-8,7,15
440,2016-10-16,Arsenal,8,3,19,9,10,19,2
441,2016-10-16,Bournemouth,8,2,12,12,0,11,11
442,2016-10-16,Burnley,8,2,6,12,-6,7,14
443,2016-10-16,Chelsea,8,3,15,9,6,16,5
444,2016-10-16,Crystal Palace,8,0,11,9,2,11,9
445,2016-10-16,Everton,8,2,12,6,6,15,6
446,2016-10-16,Hull City,8,1,8,20,-12,7,16
447,2016-10-16,Leicester City,8,3,8,14,-6,8,13
448,2016-10-16,Liverpool,7,0,18,10,8,16,4
449,2016-10-16,Manchester City,8,1,19,8,11,19,1
450,2016-10-16,Manchester Utd,7,2,13,8,5,13,7
451,2016-10-16,Middlesbrough,8,1,7,11,-4,6,17
452,2016-10-16,Southampton,8,3,10,7,3,12,8
453,2016-10-16,Stoke City,8,1,7,16,-9,6,18
454,2016-10-16,Sunderland,8,0,6,15,-9,2,20
455,2016-10-16,Swansea City,8,1,8,15,-7,4,19
456,2016-10-16,Tottenham,8,4,13,4,9,18,3
457,2016-10-16,Watford,8,1,13,13,0,11,10
458,2016-10-16,West Brom,8,2,9,8,1,10,12
459,2016-10-16,West Ham,8,2,9,17,-8,7,15
460,2016-10-17,Arsenal,8,3,19,9,10,19,2
461,2016-10-17,Bournemouth,8,2,12,12,0,11,11
462,2016-10-17,Burnley,8,2,6,12,-6,7,14
463,2016-10-17,Chelsea,8,3,15,9,6,16,5
464,2016-10-17,Crystal Palace,8,0,11,9,2,11,9
465,2016-10-17,Everton,8,2,12,6,6,15,6
466,2016-10-17,Hull City,8,1,8,20,-12,7,16
467,2016-10-17,Leicester City,8,3,8,14,-6,8,13
468,2016-10-17,Liverpool,8,1,18,10,8,17,4
469,2016-10-17,Manchester City,8,1,19,8,11,19,1
470,2016-10-17,Manchester Utd,8,3,13,8,5,14,7
471,2016-10-17,Middlesbrough,8,1,7,11,-4,6,17
472,2016-10-17,Southampton,8,3,10,7,3,12,8
473,2016-10-17,Stoke City,8,1,7,16,-9,6,18
474,2016-10-17,Sunderland,8,0,6,15,-9,2,20
475,2016-10-17,Swansea City,8,1,8,15,-7,4,19
476,2016-10-17,Tottenham,8,4,13,4,9,18,3
477,2016-10-17,Watford,8,1,13,13,0,11,10
478,2016-10-17,West Brom,8,2,9,8,1,10,12
479,2016-10-17,West Ham,8,2,9,17,-8,7,15
480,2016-10-22,Arsenal,9,4,19,9,10,20,1
481,2016-10-22,Bournemouth,9,3,12,12,0,12,10
482,2016-10-22,Burnley,9,2,8,13,-5,10,14
483,2016-10-22,Chelsea,8,3,15,9,6,16,5
484,2016-10-22,Crystal Palace,9,0,12,12,0,11,11
485,2016-10-22,Everton,9,2,13,8,5,15,6
486,2016-10-22,Hull City,9,1,8,22,-14,7,18
487,2016-10-22,Leicester City,9,3,11,15,-4,11,12
488,2016-10-22,Liverpool,9,1,20,11,9,20,2
489,2016-10-22,Manchester City,8,1,19,8,11,19,3
490,2016-10-22,Manchester Utd,8,3,13,8,5,14,7
491,2016-10-22,Middlesbrough,9,2,7,11,-4,7,17
492,2016-10-22,Southampton,8,3,10,7,3,12,8
493,2016-10-22,Stoke City,9,2,9,16,-7,9,16
494,2016-10-22,Sunderland,9,0,6,16,-10,2,20
495,2016-10-22,Swansea City,9,2,8,15,-7,5,19
496,2016-10-22,Tottenham,9,5,13,4,9,19,4
497,2016-10-22,Watford,9,2,13,13,0,12,9
498,2016-10-22,West Brom,9,2,10,10,0,10,13
499,2016-10-22,West Ham,9,3,10,17,-7,10,15
500,2016-10-23,Arsenal,9,4,19,9,10,20,2
501,2016-10-23,Bournemouth,9,3,12,12,0,12,10
502,2016-10-23,Burnley,9,2,8,13,-5,10,14
503,2016-10-23,Chelsea,9,4,19,9,10,19,4
504,2016-10-23,Crystal Palace,9,0,12,12,0,11,11
505,2016-10-23,Everton,9,2,13,8,5,15,6
506,2016-10-23,Hull City,9,1,8,22,-14,7,18
507,2016-10-23,Leicester City,9,3,11,15,-4,11,12
508,2016-10-23,Liverpool,9,1,20,11,9,20,3
509,2016-10-23,Manchester City,9,1,20,9,11,20,1
510,2016-10-23,Manchester Utd,9,3,13,12,1,14,7
511,2016-10-23,Middlesbrough,9,2,7,11,-4,7,17
512,2016-10-23,Southampton,9,3,11,8,3,13,8
513,2016-10-23,Stoke City,9,2,9,16,-7,9,16
514,2016-10-23,Sunderland,9,0,6,16,-10,2,20
515,2016-10-23,Swansea City,9,2,8,15,-7,5,19
516,2016-10-23,Tottenham,9,5,13,4,9,19,5
517,2016-10-23,Watford,9,2,13,13,0,12,9
518,2016-10-23,West Brom,9,2,10,10,0,10,13
519,2016-10-23,West Ham,9,3,10,17,-7,10,15
520,2016-10-29,Arsenal,10,4,23,10,13,23,2
521,2016-10-29,Bournemouth,10,3,12,14,-2,12,10
522,2016-10-29,Burnley,10,3,8,13,-5,11,13
523,2016-10-29,Chelsea,9,4,19,9,10,19,5
524,2016-10-29,Crystal Palace,10,0,14,16,-2,11,12
525,2016-10-29,Everton,9,2,13,8,5,15,6
526,2016-10-29,Hull City,10,1,8,23,-15,7,18
527,2016-10-29,Leicester City,10,3,12,16,-4,12,11
528,2016-10-29,Liverpool,10,1,24,13,11,23,3
529,2016-10-29,Manchester City,10,2,24,9,15,23,1
530,2016-10-29,Manchester Utd,10,4,13,12,1,15,8
531,2016-10-29,Middlesbrough,10,3,9,11,-2,10,14
532,2016-10-29,Southampton,9,3,11,8,3,13,9
533,2016-10-29,Stoke City,9,2,9,16,-7,9,17
534,2016-10-29,Sunderland,10,0,7,20,-13,2,20
535,2016-10-29,Swansea City,9,2,8,15,-7,5,19
536,2016-10-29,Tottenham,10,5,14,5,9,20,4
537,2016-10-29,Watford,10,3,14,13,1,15,7
538,2016-10-29,West Brom,10,2,10,14,-4,10,15
539,2016-10-29,West Ham,9,3,10,17,-7,10,16
540,2016-10-30,Arsenal,10,4,23,10,13,23,2
541,2016-10-30,Bournemouth,10,3,12,14,-2,12,10
542,2016-10-30,Burnley,10,3,8,13,-5,11,13
543,2016-10-30,Chelsea,10,5,21,9,12,22,4
544,2016-10-30,Crystal Palace,10,0,14,16,-2,11,12
545,2016-10-30,Everton,10,3,15,8,7,18,6
546,2016-10-30,Hull City,10,1,8,23,-15,7,18
547,2016-10-30,Leicester City,10,3,12,16,-4,12,11
548,2016-10-30,Liverpool,10,1,24,13,11,23,3
549,2016-10-30,Manchester City,10,2,24,9,15,23,1
550,2016-10-30,Manchester Utd,10,4,13,12,1,15,8
551,2016-10-30,Middlesbrough,10,3,9,11,-2,10,14
552,2016-10-30,Southampton,10,3,11,10,1,13,9
553,2016-10-30,Stoke City,9,2,9,16,-7,9,17
554,2016-10-30,Sunderland,10,0,7,20,-13,2,20
555,2016-10-30,Swansea City,9,2,8,15,-7,5,19
556,2016-10-30,Tottenham,10,5,14,5,9,20,5
557,2016-10-30,Watford,10,3,14,13,1,15,7
558,2016-10-30,West Brom,10,2,10,14,-4,10,15
559,2016-10-30,West Ham,10,3,10,19,-9,10,16
560,2016-10-31,Arsenal,10,4,23,10,13,23,2
561,2016-10-31,Bournemouth,10,3,12,14,-2,12,10
562,2016-10-31,Burnley,10,3,8,13,-5,11,14
563,2016-10-31,Chelsea,10,5,21,9,12,22,4
564,2016-10-31,Crystal Palace,10,0,14,16,-2,11,13
565,2016-10-31,Everton,10,3,15,8,7,18,6
566,2016-10-31,Hull City,10,1,8,23,-15,7,18
567,2016-10-31,Leicester City,10,3,12,16,-4,12,11
568,2016-10-31,Liverpool,10,1,24,13,11,23,3
569,2016-10-31,Manchester City,10,2,24,9,15,23,1
570,2016-10-31,Manchester Utd,10,4,13,12,1,15,8
571,2016-10-31,Middlesbrough,10,3,9,11,-2,10,15
572,2016-10-31,Southampton,10,3,11,10,1,13,9
573,2016-10-31,Stoke City,10,2,12,17,-5,12,12
574,2016-10-31,Sunderland,10,0,7,20,-13,2,20
575,2016-10-31,Swansea City,10,2,9,18,-9,5,19
576,2016-10-31,Tottenham,10,5,14,5,9,20,5
577,2016-10-31,Watford,10,3,14,13,1,15,7
578,2016-10-31,West Brom,10,2,10,14,-4,10,16
579,2016-10-31,West Ham,10,3,10,19,-9,10,17
580,2016-11-05,Arsenal,10,4,23,10,13,23,3
581,2016-11-05,Bournemouth,11,3,13,16,-3,12,12
582,2016-11-05,Burnley,11,3,11,15,-4,14,9
583,2016-11-05,Chelsea,11,6,26,9,17,25,1
584,2016-11-05,Crystal Palace,11,0,16,19,-3,11,15
585,2016-11-05,Everton,11,3,15,13,2,18,6
586,2016-11-05,Hull City,10,1,8,23,-15,7,18
587,2016-11-05,Leicester City,10,3,12,16,-4,12,13
588,2016-11-05,Liverpool,10,1,24,13,11,23,4
589,2016-11-05,Manchester City,11,2,25,10,15,24,2
590,2016-11-05,Manchester Utd,10,4,13,12,1,15,8
591,2016-11-05,Middlesbrough,11,3,10,12,-2,11,14
592,2016-11-05,Southampton,10,3,11,10,1,13,10
593,2016-11-05,Stoke City,11,2,13,18,-5,13,11
594,2016-11-05,Sunderland,11,0,9,21,-12,5,20
595,2016-11-05,Swansea City,10,2,9,18,-9,5,19
596,2016-11-05,Tottenham,10,5,14,5,9,20,5
597,2016-11-05,Watford,10,3,14,13,1,15,7
598,2016-11-05,West Brom,10,2,10,14,-4,10,17
599,2016-11-05,West Ham,11,3,11,20,-9,11,16
600,2016-11-06,Arsenal,11,4,24,11,13,24,4
601,2016-11-06,Bournemouth,11,3,13,16,-3,12,13
602,2016-11-06,Burnley,11,3,11,15,-4,14,9
603,2016-11-06,Chelsea,11,6,26,9,17,25,2
604,2016-11-06,Crystal Palace,11,0,16,19,-3,11,16
605,2016-11-06,Everton,11,3,15,13,2,18,7
606,2016-11-06,Hull City,11,1,10,24,-14,10,18
607,2016-11-06,Leicester City,11,3,13,18,-5,12,14
608,2016-11-06,Liverpool,11,1,30,14,16,26,1
609,2016-11-06,Manchester City,11,2,25,10,15,24,3
610,2016-11-06,Manchester Utd,11,4,16,13,3,18,6
611,2016-11-06,Middlesbrough,11,3,10,12,-2,11,15
612,2016-11-06,Southampton,11,3,12,12,0,13,10
613,2016-11-06,Stoke City,11,2,13,18,-5,13,12
614,2016-11-06,Sunderland,11,0,9,21,-12,5,20
615,2016-11-06,Swansea City,11,2,10,21,-11,5,19
616,2016-11-06,Tottenham,11,5,15,6,9,21,5
617,2016-11-06,Watford,11,3,15,19,-4,15,8
618,2016-11-06,West Brom,11,2,12,15,-3,13,11
619,2016-11-06,West Ham,11,3,11,20,-9,11,17
620,2016-11-19,Arsenal,12,4,25,12,13,25,4
621,2016-11-19,Bournemouth,12,4,14,16,-2,15,9
622,2016-11-19,Burnley,11,3,11,15,-4,14,11
623,2016-11-19,Chelsea,11,6,26,9,17,25,3
624,2016-11-19,Crystal Palace,12,0,17,21,-4,11,16
625,2016-11-19,Everton,12,3,16,14,2,19,7
626,2016-11-19,Hull City,12,1,10,27,-17,10,18
627,2016-11-19,Leicester City,12,3,14,20,-6,12,14
628,2016-11-19,Liverpool,12,2,30,14,16,27,1
629,2016-11-19,Manchester City,12,2,27,11,16,27,2
630,2016-11-19,Manchester Utd,12,4,17,14,3,19,6
631,2016-11-19,Middlesbrough,11,3,10,12,-2,11,15
632,2016-11-19,Southampton,12,4,12,12,0,14,10
633,2016-11-19,Stoke City,12,2,13,19,-6,13,13
634,2016-11-19,Sunderland,12,1,12,21,-9,8,19
635,2016-11-19,Swansea City,12,2,11,22,-11,6,20
636,2016-11-19,Tottenham,12,5,18,8,10,24,5
637,2016-11-19,Watford,12,3,17,20,-3,18,8
638,2016-11-19,West Brom,11,2,12,15,-3,13,12
639,2016-11-19,West Ham,12,3,13,23,-10,11,17
640,2016-11-20,Arsenal,12,4,25,12,13,25,4
641,2016-11-20,Bournemouth,12,4,14,16,-2,15,9
642,2016-11-20,Burnley,11,3,11,15,-4,14,11
643,2016-11-20,Chelsea,12,7,27,9,18,28,1
644,2016-11-20,Crystal Palace,12,0,17,21,-4,11,16
645,2016-11-20,Everton,12,3,16,14,2,19,7
646,2016-11-20,Hull City,12,1,10,27,-17,10,18
647,2016-11-20,Leicester City,12,3,14,20,-6,12,14
648,2016-11-20,Liverpool,12,2,30,14,16,27,2
649,2016-11-20,Manchester City,12,2,27,11,16,27,3
650,2016-11-20,Manchester Utd,12,4,17,14,3,19,6
651,2016-11-20,Middlesbrough,12,3,10,13,-3,11,15
652,2016-11-20,Southampton,12,4,12,12,0,14,10
653,2016-11-20,Stoke City,12,2,13,19,-6,13,13
654,2016-11-20,Sunderland,12,1,12,21,-9,8,19
655,2016-11-20,Swansea City,12,2,11,22,-11,6,20
656,2016-11-20,Tottenham,12,5,18,8,10,24,5
657,2016-11-20,Watford,12,3,17,20,-3,18,8
658,2016-11-20,West Brom,11,2,12,15,-3,13,12
659,2016-11-20,West Ham,12,3,13,23,-10,11,17
660,2016-11-21,Arsenal,12,4,25,12,13,25,4
661,2016-11-21,Bournemouth,12,4,14,16,-2,15,10
662,2016-11-21,Burnley,12,3,11,19,-8,14,12
663,2016-11-21,Chelsea,12,7,27,9,18,28,1
664,2016-11-21,Crystal Palace,12,0,17,21,-4,11,16
665,2016-11-21,Everton,12,3,16,14,2,19,7
666,2016-11-21,Hull City,12,1,10,27,-17,10,18
667,2016-11-21,Leicester City,12,3,14,20,-6,12,14
668,2016-11-21,Liverpool,12,2,30,14,16,27,2
669,2016-11-21,Manchester City,12,2,27,11,16,27,3
670,2016-11-21,Manchester Utd,12,4,17,14,3,19,6
671,2016-11-21,Middlesbrough,12,3,10,13,-3,11,15
672,2016-11-21,Southampton,12,4,12,12,0,14,11
673,2016-11-21,Stoke City,12,2,13,19,-6,13,13
674,2016-11-21,Sunderland,12,1,12,21,-9,8,19
675,2016-11-21,Swansea City,12,2,11,22,-11,6,20
676,2016-11-21,Tottenham,12,5,18,8,10,24,5
677,2016-11-21,Watford,12,3,17,20,-3,18,8
678,2016-11-21,West Brom,12,3,16,15,1,16,9
679,2016-11-21,West Ham,12,3,13,23,-10,11,17
680,2016-11-26,Arsenal,12,4,25,12,13,25,4
681,2016-11-26,Bournemouth,12,4,14,16,-2,15,10
682,2016-11-26,Burnley,13,3,12,21,-9,14,12
683,2016-11-26,Chelsea,13,7,29,10,19,31,1
684,2016-11-26,Crystal Palace,13,0,21,26,-5,11,16
685,2016-11-26,Everton,12,3,16,14,2,19,7
686,2016-11-26,Hull City,13,1,11,28,-17,11,18
687,2016-11-26,Leicester City,13,3,16,22,-6,13,13
688,2016-11-26,Liverpool,13,3,32,14,18,30,2
689,2016-11-26,Manchester City,13,2,29,12,17,30,3
690,2016-11-26,Manchester Utd,12,4,17,14,3,19,6
691,2016-11-26,Middlesbrough,13,3,12,15,-3,12,15
692,2016-11-26,Southampton,12,4,12,12,0,14,11
693,2016-11-26,Stoke City,12,2,13,19,-6,13,14
694,2016-11-26,Sunderland,13,1,12,23,-11,8,20
695,2016-11-26,Swansea City,13,2,16,26,-10,9,19
696,2016-11-26,Tottenham,13,5,19,10,9,24,5
697,2016-11-26,Watford,12,3,17,20,-3,18,8
698,2016-11-26,West Brom,13,3,17,16,1,17,9
699,2016-11-26,West Ham,12,3,13,23,-10,11,17
700,2016-11-27,Arsenal,13,4,28,13,15,28,4
701,2016-11-27,Bournemouth,13,4,15,19,-4,15,12
702,2016-11-27,Burnley,13,3,12,21,-9,14,13
703,2016-11-27,Chelsea,13,7,29,10,19,31,1
704,2016-11-27,Crystal Palace,13,0,21,26,-5,11,17
705,2016-11-27,Everton,13,3,16,15,1,19,7
706,2016-11-27,Hull City,13,1,11,28,-17,11,18
707,2016-11-27,Leicester City,13,3,16,22,-6,13,14
708,2016-11-27,Liverpool,13,3,32,14,18,30,2
709,2016-11-27,Manchester City,13,2,29,12,17,30,3
710,2016-11-27,Manchester Utd,13,4,18,15,3,20,6
711,2016-11-27,Middlesbrough,13,3,12,15,-3,12,15
712,2016-11-27,Southampton,13,5,13,12,1,17,10
713,2016-11-27,Stoke City,13,3,14,19,-5,16,11
714,2016-11-27,Sunderland,13,1,12,23,-11,8,20
715,2016-11-27,Swansea City,13,2,16,26,-10,9,19
716,2016-11-27,Tottenham,13,5,19,10,9,24,5
717,2016-11-27,Watford,13,3,17,21,-4,18,8
718,2016-11-27,West Brom,13,3,17,16,1,17,9
719,2016-11-27,West Ham,13,3,14,24,-10,12,16
720,2016-12-03,Arsenal,14,4,33,14,19,31,2
721,2016-12-03,Bournemouth,13,4,15,19,-4,15,12
722,2016-12-03,Burnley,14,3,12,23,-11,14,14
723,2016-12-03,Chelsea,14,7,32,11,21,34,1
724,2016-12-03,Crystal Palace,14,1,24,26,-2,14,13
725,2016-12-03,Everton,13,3,16,15,1,19,8
726,2016-12-03,Hull City,13,1,11,28,-17,11,19
727,2016-12-03,Leicester City,14,3,17,24,-7,13,15
728,2016-12-03,Liverpool,13,3,32,14,18,30,3
729,2016-12-03,Manchester City,14,2,30,15,15,30,4
730,2016-12-03,Manchester Utd,13,4,18,15,3,20,7
731,2016-12-03,Middlesbrough,13,3,12,15,-3,12,16
732,2016-12-03,Southampton,14,5,13,15,-2,17,11
733,2016-12-03,Stoke City,14,4,16,19,-3,19,9
734,2016-12-03,Sunderland,14,1,14,24,-10,11,18
735,2016-12-03,Swansea City,14,2,16,31,-15,9,20
736,2016-12-03,Tottenham,14,6,24,10,14,27,5
737,2016-12-03,Watford,14,3,18,24,-6,18,10
738,2016-12-03,West Brom,14,3,20,17,3,20,6
739,2016-12-03,West Ham,14,3,15,29,-14,12,17
740,2016-12-04,Arsenal,14,4,33,14,19,31,2
741,2016-12-04,Bournemouth,14,4,19,22,-3,18,10
742,2016-12-04,Burnley,14,3,12,23,-11,14,14
743,2016-12-04,Chelsea,14,7,32,11,21,34,1
744,2016-12-04,Crystal Palace,14,1,24,26,-2,14,13
745,2016-12-04,Everton,14,3,17,16,1,20,8
746,2016-12-04,Hull City,13,1,11,28,-17,11,19
747,2016-12-04,Leicester City,14,3,17,24,-7,13,15
748,2016-12-04,Liverpool,14,3,35,18,17,30,3
749,2016-12-04,Manchester City,14,2,30,15,15,30,4
750,2016-12-04,Manchester Utd,14,4,19,16,3,21,6
751,2016-12-04,Middlesbrough,13,3,12,15,-3,12,16
752,2016-12-04,Southampton,14,5,13,15,-2,17,12
753,2016-12-04,Stoke City,14,4,16,19,-3,19,9
754,2016-12-04,Sunderland,14,1,14,24,-10,11,18
755,2016-12-04,Swansea City,14,2,16,31,-15,9,20
756,2016-12-04,Tottenham,14,6,24,10,14,27,5
757,2016-12-04,Watford,14,3,18,24,-6,18,11
758,2016-12-04,West Brom,14,3,20,17,3,20,7
759,2016-12-04,West Ham,14,3,15,29,-14,12,17
760,2016-12-05,Arsenal,14,4,33,14,19,31,2
761,2016-12-05,Bournemouth,14,4,19,22,-3,18,10
762,2016-12-05,Burnley,14,3,12,23,-11,14,15
763,2016-12-05,Chelsea,14,7,32,11,21,34,1
764,2016-12-05,Crystal Palace,14,1,24,26,-2,14,14
765,2016-12-05,Everton,14,3,17,16,1,20,8
766,2016-12-05,Hull City,14,1,11,29,-18,11,19
767,2016-12-05,Leicester City,14,3,17,24,-7,13,16
768,2016-12-05,Liverpool,14,3,35,18,17,30,3
769,2016-12-05,Manchester City,14,2,30,15,15,30,4
770,2016-12-05,Manchester Utd,14,4,19,16,3,21,6
771,2016-12-05,Middlesbrough,14,4,13,15,-2,15,13
772,2016-12-05,Southampton,14,5,13,15,-2,17,12
773,2016-12-05,Stoke City,14,4,16,19,-3,19,9
774,2016-12-05,Sunderland,14,1,14,24,-10,11,18
775,2016-12-05,Swansea City,14,2,16,31,-15,9,20
776,2016-12-05,Tottenham,14,6,24,10,14,27,5
777,2016-12-05,Watford,14,3,18,24,-6,18,11
778,2016-12-05,West Brom,14,3,20,17,3,20,7
779,2016-12-05,West Ham,14,3,15,29,-14,12,17
780,2016-12-10,Arsenal,15,4,36,15,21,34,1
781,2016-12-10,Bournemouth,15,4,21,25,-4,18,11
782,2016-12-10,Burnley,15,3,15,25,-10,17,13
783,2016-12-10,Chelsea,14,7,32,11,21,34,2
784,2016-12-10,Crystal Palace,15,1,27,29,-2,15,15
785,2016-12-10,Everton,15,3,19,19,0,20,9
786,2016-12-10,Hull City,15,1,14,32,-18,12,19
787,2016-12-10,Leicester City,15,3,21,26,-5,16,14
788,2016-12-10,Liverpool,14,3,35,18,17,30,3
789,2016-12-10,Manchester City,15,2,32,19,13,30,4
790,2016-12-10,Manchester Utd,14,4,19,16,3,21,6
791,2016-12-10,Middlesbrough,14,4,13,15,-2,15,16
792,2016-12-10,Southampton,14,5,13,15,-2,17,12
793,2016-12-10,Stoke City,15,4,17,22,-5,19,10
794,2016-12-10,Sunderland,15,1,14,27,-13,11,20
795,2016-12-10,Swansea City,15,3,19,31,-12,12,17
796,2016-12-10,Tottenham,14,6,24,10,14,27,5
797,2016-12-10,Watford,15,3,21,26,-5,21,7
798,2016-12-10,West Brom,14,3,20,17,3,20,8
799,2016-12-10,West Ham,14,3,15,29,-14,12,18
800,2016-12-11,Arsenal,15,4,36,15,21,34,2
801,2016-12-11,Bournemouth,15,4,21,25,-4,18,12
802,2016-12-11,Burnley,15,3,15,25,-10,17,13
803,2016-12-11,Chelsea,15,8,33,11,22,37,1
804,2016-12-11,Crystal Palace,15,1,27,29,-2,15,15
805,2016-12-11,Everton,15,3,19,19,0,20,9
806,2016-12-11,Hull City,15,1,14,32,-18,12,19
807,2016-12-11,Leicester City,15,3,21,26,-5,16,14
808,2016-12-11,Liverpool,15,3,37,20,17,31,3
809,2016-12-11,Manchester City,15,2,32,19,13,30,4
810,2016-12-11,Manchester Utd,15,5,20,16,4,24,6
811,2016-12-11,Middlesbrough,15,4,13,16,-3,15,16
812,2016-12-11,Southampton,15,6,14,15,-1,20,10
813,2016-12-11,Stoke City,15,4,17,22,-5,19,11
814,2016-12-11,Sunderland,15,1,14,27,-13,11,20
815,2016-12-11,Swansea City,15,3,19,31,-12,12,18
816,2016-12-11,Tottenham,15,6,24,11,13,27,5
817,2016-12-11,Watford,15,3,21,26,-5,21,7
818,2016-12-11,West Brom,15,3,20,18,2,20,8
819,2016-12-11,West Ham,15,3,17,31,-14,13,17
820,2016-12-13,Arsenal,16,4,37,17,20,34,2
821,2016-12-13,Bournemouth,16,5,22,25,-3,21,8
822,2016-12-13,Burnley,15,3,15,25,-10,17,13
823,2016-12-13,Chelsea,15,8,33,11,22,37,1
824,2016-12-13,Crystal Palace,15,1,27,29,-2,15,15
825,2016-12-13,Everton,16,3,21,20,1,23,7
826,2016-12-13,Hull City,15,1,14,32,-18,12,19
827,2016-12-13,Leicester City,16,3,21,27,-6,16,14
828,2016-12-13,Liverpool,15,3,37,20,17,31,3
829,2016-12-13,Manchester City,15,2,32,19,13,30,4
830,2016-12-13,Manchester Utd,15,5,20,16,4,24,6
831,2016-12-13,Middlesbrough,15,4,13,16,-3,15,16
832,2016-12-13,Southampton,15,6,14,15,-1,20,11
833,2016-12-13,Stoke City,15,4,17,22,-5,19,12
834,2016-12-13,Sunderland,15,1,14,27,-13,11,20
835,2016-12-13,Swansea City,15,3,19,31,-12,12,18
836,2016-12-13,Tottenham,15,6,24,11,13,27,5
837,2016-12-13,Watford,15,3,21,26,-5,21,9
838,2016-12-13,West Brom,15,3,20,18,2,20,10
839,2016-12-13,West Ham,15,3,17,31,-14,13,17
840,2016-12-14,Arsenal,16,4,37,17,20,34,3
841,2016-12-14,Bournemouth,16,5,22,25,-3,21,10
842,2016-12-14,Burnley,16,3,15,26,-11,17,13
843,2016-12-14,Chelsea,16,9,34,11,23,40,1
844,2016-12-14,Crystal Palace,16,1,28,31,-3,15,16
845,2016-12-14,Everton,16,3,21,20,1,23,8
846,2016-12-14,Hull City,16,1,14,35,-21,12,19
847,2016-12-14,Leicester City,16,3,21,27,-6,16,14
848,2016-12-14,Liverpool,16,4,40,20,20,34,2
849,2016-12-14,Manchester City,16,3,34,19,15,33,4
850,2016-12-14,Manchester Utd,16,5,22,17,5,27,6
851,2016-12-14,Middlesbrough,16,4,13,19,-6,15,17
852,2016-12-14,Southampton,16,7,14,15,-1,21,9
853,2016-12-14,Stoke City,16,5,17,22,-5,20,12
854,2016-12-14,Sunderland,16,1,14,28,-14,11,20
855,2016-12-14,Swansea City,16,3,20,34,-14,12,18
856,2016-12-14,Tottenham,16,7,27,11,16,30,5
857,2016-12-14,Watford,16,3,21,28,-7,21,11
858,2016-12-14,West Brom,16,3,23,19,4,23,7
859,2016-12-14,West Ham,16,4,18,31,-13,16,15
860,2016-12-17,Arsenal,16,4,37,17,20,34,3
861,2016-12-17,Bournemouth,16,5,22,25,-3,21,10
862,2016-12-17,Burnley,16,3,15,26,-11,17,16
863,2016-12-17,Chelsea,17,10,35,11,24,43,1
864,2016-12-17,Crystal Palace,17,1,28,32,-4,15,17
865,2016-12-17,Everton,16,3,21,20,1,23,8
866,2016-12-17,Hull City,17,1,14,36,-22,12,20
867,2016-12-17,Leicester City,17,3,23,29,-6,17,15
868,2016-12-17,Liverpool,16,4,40,20,20,34,2
869,2016-12-17,Manchester City,16,3,34,19,15,33,4
870,2016-12-17,Manchester Utd,17,6,24,17,7,30,6
871,2016-12-17,Middlesbrough,17,5,16,19,-3,18,14
872,2016-12-17,Southampton,16,7,14,15,-1,21,9
873,2016-12-17,Stoke City,17,5,19,24,-5,21,11
874,2016-12-17,Sunderland,17,2,15,28,-13,14,18
875,2016-12-17,Swansea City,17,3,20,37,-17,12,19
876,2016-12-17,Tottenham,16,7,27,11,16,30,5
877,2016-12-17,Watford,17,3,21,29,-8,21,12
878,2016-12-17,West Brom,17,3,23,21,2,23,7
879,2016-12-17,West Ham,17,5,19,31,-12,19,13
880,2016-12-18,Arsenal,17,4,38,19,19,34,4
881,2016-12-18,Bournemouth,17,5,23,28,-5,21,10
882,2016-12-18,Burnley,17,3,16,28,-12,17,16
883,2016-12-18,Chelsea,17,10,35,11,24,43,1
884,2016-12-18,Crystal Palace,17,1,28,32,-4,15,17
885,2016-12-18,Everton,16,3,21,20,1,23,9
886,2016-12-18,Hull City,17,1,14,36,-22,12,20
887,2016-12-18,Leicester City,17,3,23,29,-6,17,15
888,2016-12-18,Liverpool,16,4,40,20,20,34,3
889,2016-12-18,Manchester City,17,3,36,20,16,36,2
890,2016-12-18,Manchester Utd,17,6,24,17,7,30,6
891,2016-12-18,Middlesbrough,17,5,16,19,-3,18,14
892,2016-12-18,Southampton,17,7,17,16,1,24,7
893,2016-12-18,Stoke City,17,5,19,24,-5,21,11
894,2016-12-18,Sunderland,17,2,15,28,-13,14,18
895,2016-12-18,Swansea City,17,3,20,37,-17,12,19
896,2016-12-18,Tottenham,17,7,29,12,17,33,5
897,2016-12-18,Watford,17,3,21,29,-8,21,12
898,2016-12-18,West Brom,17,3,23,21,2,23,8
899,2016-12-18,West Ham,17,5,19,31,-12,19,13
900,2016-12-19,Arsenal,17,4,38,19,19,34,4
901,2016-12-19,Bournemouth,17,5,23,28,-5,21,10
902,2016-12-19,Burnley,17,3,16,28,-12,17,16
903,2016-12-19,Chelsea,17,10,35,11,24,43,1
904,2016-12-19,Crystal Palace,17,1,28,32,-4,15,17
905,2016-12-19,Everton,17,3,21,21,0,23,9
906,2016-12-19,Hull City,17,1,14,36,-22,12,20
907,2016-12-19,Leicester City,17,3,23,29,-6,17,15
908,2016-12-19,Liverpool,17,5,41,20,21,37,2
909,2016-12-19,Manchester City,17,3,36,20,16,36,3
910,2016-12-19,Manchester Utd,17,6,24,17,7,30,6
911,2016-12-19,Middlesbrough,17,5,16,19,-3,18,14
912,2016-12-19,Southampton,17,7,17,16,1,24,7
913,2016-12-19,Stoke City,17,5,19,24,-5,21,11
914,2016-12-19,Sunderland,17,2,15,28,-13,14,18
915,2016-12-19,Swansea City,17,3,20,37,-17,12,19
916,2016-12-19,Tottenham,17,7,29,12,17,33,5
917,2016-12-19,Watford,17,3,21,29,-8,21,12
918,2016-12-19,West Brom,17,3,23,21,2,23,8
919,2016-12-19,West Ham,17,5,19,31,-12,19,13
920,2016-12-26,Arsenal,18,5,39,19,20,37,4
921,2016-12-26,Bournemouth,18,5,23,31,-8,21,13
922,2016-12-26,Burnley,18,4,17,28,-11,20,14
923,2016-12-26,Chelsea,18,11,38,11,27,46,1
924,2016-12-26,Crystal Palace,18,1,29,33,-4,16,17
925,2016-12-26,Everton,18,4,23,21,2,26,7
926,2016-12-26,Hull City,18,1,14,39,-25,12,20
927,2016-12-26,Leicester City,18,3,23,31,-8,17,16
928,2016-12-26,Liverpool,17,5,41,20,21,37,3
929,2016-12-26,Manchester City,18,4,39,20,19,39,2
930,2016-12-26,Manchester Utd,18,6,27,18,9,33,6
931,2016-12-26,Middlesbrough,18,5,16,20,-4,18,15
932,2016-12-26,Southampton,17,7,17,16,1,24,8
933,2016-12-26,Stoke City,17,5,19,24,-5,21,12
934,2016-12-26,Sunderland,18,2,16,31,-15,14,18
935,2016-12-26,Swansea City,18,3,21,41,-20,12,19
936,2016-12-26,Tottenham,17,7,29,12,17,33,5
937,2016-12-26,Watford,18,3,22,30,-8,22,10
938,2016-12-26,West Brom,18,3,23,22,1,23,9
939,2016-12-26,West Ham,18,5,23,32,-9,22,11
940,2016-12-27,Arsenal,18,5,39,19,20,37,4
941,2016-12-27,Bournemouth,18,5,23,31,-8,21,12
942,2016-12-27,Burnley,18,4,17,28,-11,20,14
943,2016-12-27,Chelsea,18,11,38,11,27,46,1
944,2016-12-27,Crystal Palace,18,1,29,33,-4,16,17
945,2016-12-27,Everton,18,4,23,21,2,26,7
946,2016-12-27,Hull City,18,1,14,39,-25,12,20
947,2016-12-27,Leicester City,18,3,23,31,-8,17,16
948,2016-12-27,Liverpool,18,5,45,21,24,40,2
949,2016-12-27,Manchester City,18,4,39,20,19,39,3
950,2016-12-27,Manchester Utd,18,6,27,18,9,33,6
951,2016-12-27,Middlesbrough,18,5,16,20,-4,18,15
952,2016-12-27,Southampton,17,7,17,16,1,24,8
953,2016-12-27,Stoke City,18,5,20,28,-8,21,13
954,2016-12-27,Sunderland,18,2,16,31,-15,14,18
955,2016-12-27,Swansea City,18,3,21,41,-20,12,19
956,2016-12-27,Tottenham,17,7,29,12,17,33,5
957,2016-12-27,Watford,18,3,22,30,-8,22,10
958,2016-12-27,West Brom,18,3,23,22,1,23,9
959,2016-12-27,West Ham,18,5,23,32,-9,22,11
960,2016-12-28,Arsenal,18,5,39,19,20,37,4
961,2016-12-28,Bournemouth,18,5,23,31,-8,21,12
962,2016-12-28,Burnley,18,4,17,28,-11,20,14
963,2016-12-28,Chelsea,18,11,38,11,27,46,1
964,2016-12-28,Crystal Palace,18,1,29,33,-4,16,17
965,2016-12-28,Everton,18,4,23,21,2,26,7
966,2016-12-28,Hull City,18,1,14,39,-25,12,20
967,2016-12-28,Leicester City,18,3,23,31,-8,17,16
968,2016-12-28,Liverpool,18,5,45,21,24,40,2
969,2016-12-28,Manchester City,18,4,39,20,19,39,3
970,2016-12-28,Manchester Utd,18,6,27,18,9,33,6
971,2016-12-28,Middlesbrough,18,5,16,20,-4,18,15
972,2016-12-28,Southampton,18,7,18,20,-2,24,8
973,2016-12-28,Stoke City,18,5,20,28,-8,21,13
974,2016-12-28,Sunderland,18,2,16,31,-15,14,18
975,2016-12-28,Swansea City,18,3,21,41,-20,12,19
976,2016-12-28,Tottenham,18,7,33,13,20,36,5
977,2016-12-28,Watford,18,3,22,30,-8,22,10
978,2016-12-28,West Brom,18,3,23,22,1,23,9
979,2016-12-28,West Ham,18,5,23,32,-9,22,11
980,2016-12-30,Arsenal,18,5,39,19,20,37,4
981,2016-12-30,Bournemouth,18,5,23,31,-8,21,12
982,2016-12-30,Burnley,18,4,17,28,-11,20,14
983,2016-12-30,Chelsea,18,11,38,11,27,46,1
984,2016-12-30,Crystal Palace,18,1,29,33,-4,16,17
985,2016-12-30,Everton,19,4,25,23,2,27,7
986,2016-12-30,Hull City,19,1,16,41,-25,13,19
987,2016-12-30,Leicester City,18,3,23,31,-8,17,16
988,2016-12-30,Liverpool,18,5,45,21,24,40,2
989,2016-12-30,Manchester City,18,4,39,20,19,39,3
990,2016-12-30,Manchester Utd,18,6,27,18,9,33,6
991,2016-12-30,Middlesbrough,18,5,16,20,-4,18,15
992,2016-12-30,Southampton,18,7,18,20,-2,24,8
993,2016-12-30,Stoke City,18,5,20,28,-8,21,13
994,2016-12-30,Sunderland,18,2,16,31,-15,14,18
995,2016-12-30,Swansea City,18,3,21,41,-20,12,20
996,2016-12-30,Tottenham,18,7,33,13,20,36,5
997,2016-12-30,Watford,18,3,22,30,-8,22,10
998,2016-12-30,West Brom,18,3,23,22,1,23,9
999,2016-12-30,West Ham,18,5,23,32,-9,22,11
1000,2016-12-31,Arsenal,18,5,39,19,20,37,4
1001,2016-12-31,Bournemouth,19,6,26,31,-5,24,10
1002,2016-12-31,Burnley,19,4,21,29,-8,23,11
1003,2016-12-31,Chelsea,19,11,42,13,29,49,1
1004,2016-12-31,Crystal Palace,18,1,29,33,-4,16,17
1005,2016-12-31,Everton,19,4,25,23,2,27,7
1006,2016-12-31,Hull City,19,1,16,41,-25,13,19
1007,2016-12-31,Leicester City,19,4,24,31,-7,20,15
1008,2016-12-31,Liverpool,19,6,46,21,25,43,2
1009,2016-12-31,Manchester City,19,4,39,21,18,39,3
1010,2016-12-31,Manchester Utd,19,6,29,19,10,36,6
1011,2016-12-31,Middlesbrough,19,5,17,22,-5,18,16
1012,2016-12-31,Southampton,19,7,19,22,-3,24,9
1013,2016-12-31,Stoke City,19,5,22,32,-10,21,14
1014,2016-12-31,Sunderland,19,2,17,35,-18,14,18
1015,2016-12-31,Swansea City,19,3,21,44,-23,12,20
1016,2016-12-31,Tottenham,18,7,33,13,20,36,5
1017,2016-12-31,Watford,18,3,22,30,-8,22,12
1018,2016-12-31,West Brom,19,3,25,23,2,26,8
1019,2016-12-31,West Ham,19,5,23,33,-10,22,13
1020,2017-01-01,Arsenal,19,6,41,19,22,40,3
1021,2017-01-01,Bournemouth,19,6,26,31,-5,24,10
1022,2017-01-01,Burnley,19,4,21,29,-8,23,11
1023,2017-01-01,Chelsea,19,11,42,13,29,49,1
1024,2017-01-01,Crystal Palace,19,1,29,35,-6,16,17
1025,2017-01-01,Everton,19,4,25,23,2,27,7
1026,2017-01-01,Hull City,19,1,16,41,-25,13,19
1027,2017-01-01,Leicester City,19,4,24,31,-7,20,15
1028,2017-01-01,Liverpool,19,6,46,21,25,43,2
1029,2017-01-01,Manchester City,19,4,39,21,18,39,5
1030,2017-01-01,Manchester Utd,19,6,29,19,10,36,6
1031,2017-01-01,Middlesbrough,19,5,17,22,-5,18,16
1032,2017-01-01,Southampton,19,7,19,22,-3,24,9
1033,2017-01-01,Stoke City,19,5,22,32,-10,21,14
1034,2017-01-01,Sunderland,19,2,17,35,-18,14,18
1035,2017-01-01,Swansea City,19,3,21,44,-23,12,20
1036,2017-01-01,Tottenham,19,7,37,14,23,39,4
1037,2017-01-01,Watford,19,3,23,34,-11,22,13
1038,2017-01-01,West Brom,19,3,25,23,2,26,8
1039,2017-01-01,West Ham,19,5,23,33,-10,22,12
1040,2017-01-02,Arsenal,19,6,41,19,22,40,4
1041,2017-01-02,Bournemouth,19,6,26,31,-5,24,9
1042,2017-01-02,Burnley,20,4,22,31,-9,23,11
1043,2017-01-02,Chelsea,19,11,42,13,29,49,1
1044,2017-01-02,Crystal Palace,19,1,29,35,-6,16,17
1045,2017-01-02,Everton,20,5,28,23,5,30,7
1046,2017-01-02,Hull City,20,1,17,44,-27,13,19
1047,2017-01-02,Leicester City,20,5,24,31,-7,21,14
1048,2017-01-02,Liverpool,20,6,48,23,25,44,2
1049,2017-01-02,Manchester City,20,4,41,22,19,42,3
1050,2017-01-02,Manchester Utd,20,7,31,19,12,39,6
1051,2017-01-02,Middlesbrough,20,6,17,22,-5,19,16
1052,2017-01-02,Southampton,20,7,19,25,-6,24,10
1053,2017-01-02,Stoke City,19,5,22,32,-10,21,15
1054,2017-01-02,Sunderland,20,2,19,37,-18,15,18
1055,2017-01-02,Swansea City,19,3,21,44,-23,12,20
1056,2017-01-02,Tottenham,19,7,37,14,23,39,5
1057,2017-01-02,Watford,19,3,23,34,-11,22,12
1058,2017-01-02,West Brom,20,3,28,24,4,29,8
1059,2017-01-02,West Ham,20,5,23,35,-12,22,13
1060,2017-01-03,Arsenal,20,6,44,22,22,41,4
1061,2017-01-03,Bournemouth,20,6,29,34,-5,25,9
1062,2017-01-03,Burnley,20,4,22,31,-9,23,12
1063,2017-01-03,Chelsea,19,11,42,13,29,49,1
1064,2017-01-03,Crystal Palace,20,1,30,37,-7,16,17
1065,2017-01-03,Everton,20,5,28,23,5,30,7
1066,2017-01-03,Hull City,20,1,17,44,-27,13,20
1067,2017-01-03,Leicester City,20,5,24,31,-7,21,15
1068,2017-01-03,Liverpool,20,6,48,23,25,44,2
1069,2017-01-03,Manchester City,20,4,41,22,19,42,3
1070,2017-01-03,Manchester Utd,20,7,31,19,12,39,6
1071,2017-01-03,Middlesbrough,20,6,17,22,-5,19,16
1072,2017-01-03,Southampton,20,7,19,25,-6,24,10
1073,2017-01-03,Stoke City,20,6,24,32,-8,24,11
1074,2017-01-03,Sunderland,20,2,19,37,-18,15,18
1075,2017-01-03,Swansea City,20,3,23,45,-22,15,19
1076,2017-01-03,Tottenham,19,7,37,14,23,39,5
1077,2017-01-03,Watford,20,3,23,36,-13,22,14
1078,2017-01-03,West Brom,20,3,28,24,4,29,8
1079,2017-01-03,West Ham,20,5,23,35,-12,22,13
1080,2017-01-04,Arsenal,20,6,44,22,22,41,5
1081,2017-01-04,Bournemouth,20,6,29,34,-5,25,9
1082,2017-01-04,Burnley,20,4,22,31,-9,23,12
1083,2017-01-04,Chelsea,20,11,42,15,27,49,1
1084,2017-01-04,Crystal Palace,20,1,30,37,-7,16,17
1085,2017-01-04,Everton,20,5,28,23,5,30,7
1086,2017-01-04,Hull City,20,1,17,44,-27,13,20
1087,2017-01-04,Leicester City,20,5,24,31,-7,21,15
1088,2017-01-04,Liverpool,20,6,48,23,25,44,2
1089,2017-01-04,Manchester City,20,4,41,22,19,42,4
1090,2017-01-04,Manchester Utd,20,7,31,19,12,39,6
1091,2017-01-04,Middlesbrough,20,6,17,22,-5,19,16
1092,2017-01-04,Southampton,20,7,19,25,-6,24,10
1093,2017-01-04,Stoke City,20,6,24,32,-8,24,11
1094,2017-01-04,Sunderland,20,2,19,37,-18,15,18
1095,2017-01-04,Swansea City,20,3,23,45,-22,15,19
1096,2017-01-04,Tottenham,20,8,39,14,25,42,3
1097,2017-01-04,Watford,20,3,23,36,-13,22,14
1098,2017-01-04,West Brom,20,3,28,24,4,29,8
1099,2017-01-04,West Ham,20,5,23,35,-12,22,13
1100,2017-01-14,Arsenal,21,7,48,22,26,44,3
1101,2017-01-14,Bournemouth,21,6,30,37,-7,25,11
1102,2017-01-14,Burnley,21,5,23,31,-8,26,10
1103,2017-01-14,Chelsea,21,12,45,15,30,52,1
1104,2017-01-14,Crystal Palace,21,1,30,40,-10,16,17
1105,2017-01-14,Everton,20,5,28,23,5,30,7
1106,2017-01-14,Hull City,21,1,20,45,-25,16,18
1107,2017-01-14,Leicester City,21,5,24,34,-10,21,15
1108,2017-01-14,Liverpool,20,6,48,23,25,44,4
1109,2017-01-14,Manchester City,20,4,41,22,19,42,5
1110,2017-01-14,Manchester Utd,20,7,31,19,12,39,6
1111,2017-01-14,Middlesbrough,21,7,17,22,-5,20,16
1112,2017-01-14,Southampton,21,7,19,26,-7,24,13
1113,2017-01-14,Stoke City,21,6,27,33,-6,27,9
1114,2017-01-14,Sunderland,21,2,20,40,-20,15,19
1115,2017-01-14,Swansea City,21,3,23,49,-26,15,20
1116,2017-01-14,Tottenham,21,9,43,14,29,45,2
1117,2017-01-14,Watford,21,4,23,36,-13,23,14
1118,2017-01-14,West Brom,21,3,28,28,0,29,8
1119,2017-01-14,West Ham,21,6,26,35,-9,25,12
1120,2017-01-15,Arsenal,21,7,48,22,26,44,4
1121,2017-01-15,Bournemouth,21,6,30,37,-7,25,11
1122,2017-01-15,Burnley,21,5,23,31,-8,26,10
1123,2017-01-15,Chelsea,21,12,45,15,30,52,1
1124,2017-01-15,Crystal Palace,21,1,30,40,-10,16,17
1125,2017-01-15,Everton,21,6,32,23,9,33,7
1126,2017-01-15,Hull City,21,1,20,45,-25,16,18
1127,2017-01-15,Leicester City,21,5,24,34,-10,21,15
1128,2017-01-15,Liverpool,21,6,49,24,25,45,3
1129,2017-01-15,Manchester City,21,4,41,26,15,42,5
1130,2017-01-15,Manchester Utd,21,7,32,20,12,40,6
1131,2017-01-15,Middlesbrough,21,7,17,22,-5,20,16
1132,2017-01-15,Southampton,21,7,19,26,-7,24,13
1133,2017-01-15,Stoke City,21,6,27,33,-6,27,9
1134,2017-01-15,Sunderland,21,2,20,40,-20,15,19
1135,2017-01-15,Swansea City,21,3,23,49,-26,15,20
1136,2017-01-15,Tottenham,21,9,43,14,29,45,2
1137,2017-01-15,Watford,21,4,23,36,-13,23,14
1138,2017-01-15,West Brom,21,3,28,28,0,29,8
1139,2017-01-15,West Ham,21,6,26,35,-9,25,12
1140,2017-01-21,Arsenal,21,7,48,22,26,44,4
1141,2017-01-21,Bournemouth,22,6,32,39,-7,26,11
1142,2017-01-21,Burnley,21,5,23,31,-8,26,12
1143,2017-01-21,Chelsea,21,12,45,15,30,52,1
1144,2017-01-21,Crystal Palace,22,1,30,41,-11,16,18
1145,2017-01-21,Everton,22,7,33,23,10,36,7
1146,2017-01-21,Hull City,21,1,20,45,-25,16,19
1147,2017-01-21,Leicester City,21,5,24,34,-10,21,15
1148,2017-01-21,Liverpool,22,6,51,27,24,45,3
1149,2017-01-21,Manchester City,22,4,43,28,15,43,5
1150,2017-01-21,Manchester Utd,22,7,33,21,12,41,6
1151,2017-01-21,Middlesbrough,22,7,18,25,-7,20,16
1152,2017-01-21,Southampton,21,7,19,26,-7,24,13
1153,2017-01-21,Stoke City,22,6,28,34,-6,28,9
1154,2017-01-21,Sunderland,22,2,20,42,-22,15,20
1155,2017-01-21,Swansea City,22,3,26,51,-25,18,17
1156,2017-01-21,Tottenham,22,9,45,16,29,46,2
1157,2017-01-21,Watford,22,4,25,38,-13,24,14
1158,2017-01-21,West Brom,22,4,30,28,2,32,8
1159,2017-01-21,West Ham,22,6,29,36,-7,28,10
1160,2017-01-22,Arsenal,22,7,50,23,27,47,2
1161,2017-01-22,Bournemouth,22,6,32,39,-7,26,12
1162,2017-01-22,Burnley,22,5,24,33,-9,26,13
1163,2017-01-22,Chelsea,22,13,47,15,32,55,1
1164,2017-01-22,Crystal Palace,22,1,30,41,-11,16,18
1165,2017-01-22,Everton,22,7,33,23,10,36,7
1166,2017-01-22,Hull City,22,1,20,47,-27,16,19
1167,2017-01-22,Leicester City,22,5,24,37,-13,21,15
1168,2017-01-22,Liverpool,22,6,51,27,24,45,4
1169,2017-01-22,Manchester City,22,4,43,28,15,43,5
1170,2017-01-22,Manchester Utd,22,7,33,21,12,41,6
1171,2017-01-22,Middlesbrough,22,7,18,25,-7,20,16
1172,2017-01-22,Southampton,22,8,22,26,-4,27,11
1173,2017-01-22,Stoke City,22,6,28,34,-6,28,9
1174,2017-01-22,Sunderland,22,2,20,42,-22,15,20
1175,2017-01-22,Swansea City,22,3,26,51,-25,18,17
1176,2017-01-22,Tottenham,22,9,45,16,29,46,3
1177,2017-01-22,Watford,22,4,25,38,-13,24,14
1178,2017-01-22,West Brom,22,4,30,28,2,32,8
1179,2017-01-22,West Ham,22,6,29,36,-7,28,10
1180,2017-01-31,Arsenal,23,7,51,25,26,47,3
1181,2017-01-31,Bournemouth,23,6,32,41,-9,26,14
1182,2017-01-31,Burnley,23,6,25,33,-8,29,9
1183,2017-01-31,Chelsea,23,13,48,16,32,56,1
1184,2017-01-31,Crystal Palace,23,2,32,41,-9,19,18
1185,2017-01-31,Everton,22,7,33,23,10,36,7
1186,2017-01-31,Hull City,22,1,20,47,-27,16,20
1187,2017-01-31,Leicester City,23,5,24,38,-14,21,16
1188,2017-01-31,Liverpool,23,6,52,28,24,46,4
1189,2017-01-31,Manchester City,22,4,43,28,15,43,5
1190,2017-01-31,Manchester Utd,22,7,33,21,12,41,6
1191,2017-01-31,Middlesbrough,23,7,19,26,-7,21,15
1192,2017-01-31,Southampton,23,8,23,28,-5,27,12
1193,2017-01-31,Stoke City,22,6,28,34,-6,28,10
1194,2017-01-31,Sunderland,23,3,20,42,-22,16,19
1195,2017-01-31,Swansea City,23,3,28,52,-24,21,17
1196,2017-01-31,Tottenham,23,10,45,16,29,47,2
1197,2017-01-31,Watford,23,4,27,39,-12,27,13
1198,2017-01-31,West Brom,23,4,31,29,2,33,8
1199,2017-01-31,West Ham,22,6,29,36,-7,28,11
1200,2017-02-01,Arsenal,23,7,51,25,26,47,3
1201,2017-02-01,Bournemouth,23,6,32,41,-9,26,14
1202,2017-02-01,Burnley,23,6,25,33,-8,29,10
1203,2017-02-01,Chelsea,23,13,48,16,32,56,1
1204,2017-02-01,Crystal Palace,23,2,32,41,-9,19,18
1205,2017-02-01,Everton,23,7,34,24,10,37,7
1206,2017-02-01,Hull City,23,2,20,47,-27,17,19
1207,2017-02-01,Leicester City,23,5,24,38,-14,21,16
1208,2017-02-01,Liverpool,23,6,52,28,24,46,4
1209,2017-02-01,Manchester City,23,5,47,28,19,46,5
1210,2017-02-01,Manchester Utd,23,8,33,21,12,42,6
1211,2017-02-01,Middlesbrough,23,7,19,26,-7,21,15
1212,2017-02-01,Southampton,23,8,23,28,-5,27,12
1213,2017-02-01,Stoke City,23,6,29,35,-6,29,9
1214,2017-02-01,Sunderland,23,3,20,42,-22,16,20
1215,2017-02-01,Swansea City,23,3,28,52,-24,21,17
1216,2017-02-01,Tottenham,23,10,45,16,29,47,2
1217,2017-02-01,Watford,23,4,27,39,-12,27,13
1218,2017-02-01,West Brom,23,4,31,29,2,33,8
1219,2017-02-01,West Ham,23,6,29,40,-11,28,11
1220,2017-02-04,Arsenal,24,7,52,28,24,47,3
1221,2017-02-04,Bournemouth,24,6,35,47,-12,26,14
1222,2017-02-04,Burnley,24,6,26,35,-9,29,12
1223,2017-02-04,Chelsea,24,13,51,17,34,59,1
1224,2017-02-04,Crystal Palace,24,2,32,45,-13,19,19
1225,2017-02-04,Everton,24,7,40,27,13,40,7
1226,2017-02-04,Hull City,24,3,22,47,-25,20,18
1227,2017-02-04,Leicester City,23,5,24,38,-14,21,16
1228,2017-02-04,Liverpool,24,6,52,30,22,46,4
1229,2017-02-04,Manchester City,23,5,47,28,19,46,5
1230,2017-02-04,Manchester Utd,23,8,33,21,12,42,6
1231,2017-02-04,Middlesbrough,24,7,19,27,-8,21,15
1232,2017-02-04,Southampton,24,8,24,31,-7,27,13
1233,2017-02-04,Stoke City,24,6,29,36,-7,29,11
1234,2017-02-04,Sunderland,24,4,24,42,-18,19,20
1235,2017-02-04,Swansea City,23,3,28,52,-24,21,17
1236,2017-02-04,Tottenham,24,11,46,16,30,50,2
1237,2017-02-04,Watford,24,4,29,40,-11,30,10
1238,2017-02-04,West Brom,24,5,32,29,3,36,8
1239,2017-02-04,West Ham,24,6,32,41,-9,31,9
1240,2017-02-05,Arsenal,24,7,52,28,24,47,4
1241,2017-02-05,Bournemouth,24,6,35,47,-12,26,14
1242,2017-02-05,Burnley,24,6,26,35,-9,29,12
1243,2017-02-05,Chelsea,24,13,51,17,34,59,1
1244,2017-02-05,Crystal Palace,24,2,32,45,-13,19,19
1245,2017-02-05,Everton,24,7,40,27,13,40,7
1246,2017-02-05,Hull City,24,3,22,47,-25,20,18
1247,2017-02-05,Leicester City,24,5,24,41,-17,21,16
1248,2017-02-05,Liverpool,24,6,52,30,22,46,5
1249,2017-02-05,Manchester City,24,5,49,29,20,49,3
1250,2017-02-05,Manchester Utd,24,9,36,21,15,45,6
1251,2017-02-05,Middlesbrough,24,7,19,27,-8,21,15
1252,2017-02-05,Southampton,24,8,24,31,-7,27,13
1253,2017-02-05,Stoke City,24,6,29,36,-7,29,11
1254,2017-02-05,Sunderland,24,4,24,42,-18,19,20
1255,2017-02-05,Swansea City,24,3,29,54,-25,21,17
1256,2017-02-05,Tottenham,24,11,46,16,30,50,2
1257,2017-02-05,Watford,24,4,29,40,-11,30,10
1258,2017-02-05,West Brom,24,5,32,29,3,36,8
1259,2017-02-05,West Ham,24,6,32,41,-9,31,9
1260,2017-02-11,Arsenal,25,8,54,28,26,50,3
1261,2017-02-11,Bournemouth,24,6,35,47,-12,26,14
1262,2017-02-11,Burnley,24,6,26,35,-9,29,13
1263,2017-02-11,Chelsea,24,13,51,17,34,59,1
1264,2017-02-11,Crystal Palace,25,2,32,46,-14,19,19
1265,2017-02-11,Everton,25,8,40,27,13,41,7
1266,2017-02-11,Hull City,25,3,22,49,-27,20,18
1267,2017-02-11,Leicester City,24,5,24,41,-17,21,16
1268,2017-02-11,Liverpool,25,7,54,30,24,49,4
1269,2017-02-11,Manchester City,24,5,49,29,20,49,5
1270,2017-02-11,Manchester Utd,25,10,38,21,17,48,6
1271,2017-02-11,Middlesbrough,25,8,19,27,-8,22,15
1272,2017-02-11,Southampton,25,9,28,31,-3,30,11
1273,2017-02-11,Stoke City,25,7,30,36,-6,32,9
1274,2017-02-11,Sunderland,25,4,24,46,-22,19,20
1275,2017-02-11,Swansea City,24,3,29,54,-25,21,17
1276,2017-02-11,Tottenham,25,11,46,18,28,50,2
1277,2017-02-11,Watford,25,4,29,42,-13,30,12
1278,2017-02-11,West Brom,25,5,34,31,3,37,8
1279,2017-02-11,West Ham,25,6,34,43,-9,32,10
1280,2017-02-12,Arsenal,25,8,54,28,26,50,3
1281,2017-02-12,Bournemouth,24,6,35,47,-12,26,14
1282,2017-02-12,Burnley,25,6,27,36,-9,30,12
1283,2017-02-12,Chelsea,25,13,52,18,34,60,1
1284,2017-02-12,Crystal Palace,25,2,32,46,-14,19,19
1285,2017-02-12,Everton,25,8,40,27,13,41,7
1286,2017-02-12,Hull City,25,3,22,49,-27,20,18
1287,2017-02-12,Leicester City,25,5,24,43,-19,21,17
1288,2017-02-12,Liverpool,25,7,54,30,24,49,4
1289,2017-02-12,Manchester City,24,5,49,29,20,49,5
1290,2017-02-12,Manchester Utd,25,10,38,21,17,48,6
1291,2017-02-12,Middlesbrough,25,8,19,27,-8,22,16
1292,2017-02-12,Southampton,25,9,28,31,-3,30,11
1293,2017-02-12,Stoke City,25,7,30,36,-6,32,9
1294,2017-02-12,Sunderland,25,4,24,46,-22,19,20
1295,2017-02-12,Swansea City,25,4,31,54,-23,24,15
1296,2017-02-12,Tottenham,25,11,46,18,28,50,2
1297,2017-02-12,Watford,25,4,29,42,-13,30,13
1298,2017-02-12,West Brom,25,5,34,31,3,37,8
1299,2017-02-12,West Ham,25,6,34,43,-9,32,10
1300,2017-02-13,Arsenal,25,8,54,28,26,50,4
1301,2017-02-13,Bournemouth,25,6,35,49,-14,26,14
1302,2017-02-13,Burnley,25,6,27,36,-9,30,12
1303,2017-02-13,Chelsea,25,13,52,18,34,60,1
1304,2017-02-13,Crystal Palace,25,2,32,46,-14,19,19
1305,2017-02-13,Everton,25,8,40,27,13,41,7
1306,2017-02-13,Hull City,25,3,22,49,-27,20,18
1307,2017-02-13,Leicester City,25,5,24,43,-19,21,17
1308,2017-02-13,Liverpool,25,7,54,30,24,49,5
1309,2017-02-13,Manchester City,25,6,51,29,22,52,2
1310,2017-02-13,Manchester Utd,25,10,38,21,17,48,6
1311,2017-02-13,Middlesbrough,25,8,19,27,-8,22,16
1312,2017-02-13,Southampton,25,9,28,31,-3,30,11
1313,2017-02-13,Stoke City,25,7,30,36,-6,32,9
1314,2017-02-13,Sunderland,25,4,24,46,-22,19,20
1315,2017-02-13,Swansea City,25,4,31,54,-23,24,15
1316,2017-02-13,Tottenham,25,11,46,18,28,50,3
1317,2017-02-13,Watford,25,4,29,42,-13,30,13
1318,2017-02-13,West Brom,25,5,34,31,3,37,8
1319,2017-02-13,West Ham,25,6,34,43,-9,32,10
1320,2017-02-25,Arsenal,25,8,54,28,26,50,4
1321,2017-02-25,Bournemouth,26,6,36,51,-15,26,14
1322,2017-02-25,Burnley,26,6,28,37,-9,31,11
1323,2017-02-25,Chelsea,26,13,55,19,36,63,1
1324,2017-02-25,Crystal Palace,26,3,33,46,-13,22,17
1325,2017-02-25,Everton,26,9,42,27,15,44,7
1326,2017-02-25,Hull City,26,3,23,50,-27,21,19
1327,2017-02-25,Leicester City,25,5,24,43,-19,21,18
1328,2017-02-25,Liverpool,25,7,54,30,24,49,5
1329,2017-02-25,Manchester City,25,6,51,29,22,52,2
1330,2017-02-25,Manchester Utd,25,10,38,21,17,48,6
1331,2017-02-25,Middlesbrough,26,8,19,28,-9,22,16
1332,2017-02-25,Southampton,25,9,28,31,-3,30,13
1333,2017-02-25,Stoke City,25,7,30,36,-6,32,10
1334,2017-02-25,Sunderland,26,4,24,48,-24,19,20
1335,2017-02-25,Swansea City,26,4,32,57,-25,24,15
1336,2017-02-25,Tottenham,25,11,46,18,28,50,3
1337,2017-02-25,Watford,26,4,30,43,-13,31,12
1338,2017-02-25,West Brom,26,5,36,32,4,40,8
1339,2017-02-25,West Ham,26,6,35,44,-9,33,9
1340,2017-02-26,Arsenal,25,8,54,28,26,50,4
1341,2017-02-26,Bournemouth,26,6,36,51,-15,26,14
1342,2017-02-26,Burnley,26,6,28,37,-9,31,11
1343,2017-02-26,Chelsea,26,13,55,19,36,63,1
1344,2017-02-26,Crystal Palace,26,3,33,46,-13,22,17
1345,2017-02-26,Everton,26,9,42,27,15,44,7
1346,2017-02-26,Hull City,26,3,23,50,-27,21,19
1347,2017-02-26,Leicester City,25,5,24,43,-19,21,18
1348,2017-02-26,Liverpool,25,7,54,30,24,49,5
1349,2017-02-26,Manchester City,25,6,51,29,22,52,3
1350,2017-02-26,Manchester Utd,25,10,38,21,17,48,6
1351,2017-02-26,Middlesbrough,26,8,19,28,-9,22,16
1352,2017-02-26,Southampton,25,9,28,31,-3,30,13
1353,2017-02-26,Stoke City,26,7,30,40,-10,32,10
1354,2017-02-26,Sunderland,26,4,24,48,-24,19,20
1355,2017-02-26,Swansea City,26,4,32,57,-25,24,15
1356,2017-02-26,Tottenham,26,12,50,18,32,53,2
1357,2017-02-26,Watford,26,4,30,43,-13,31,12
1358,2017-02-26,West Brom,26,5,36,32,4,40,8
1359,2017-02-26,West Ham,26,6,35,44,-9,33,9
1360,2017-02-27,Arsenal,25,8,54,28,26,50,4
1361,2017-02-27,Bournemouth,26,6,36,51,-15,26,14
1362,2017-02-27,Burnley,26,6,28,37,-9,31,11
1363,2017-02-27,Chelsea,26,13,55,19,36,63,1
1364,2017-02-27,Crystal Palace,26,3,33,46,-13,22,18
1365,2017-02-27,Everton,26,9,42,27,15,44,7
1366,2017-02-27,Hull City,26,3,23,50,-27,21,19
1367,2017-02-27,Leicester City,26,5,27,44,-17,24,15
1368,2017-02-27,Liverpool,26,7,55,33,22,49,5
1369,2017-02-27,Manchester City,25,6,51,29,22,52,3
1370,2017-02-27,Manchester Utd,25,10,38,21,17,48,6
1371,2017-02-27,Middlesbrough,26,8,19,28,-9,22,17
1372,2017-02-27,Southampton,25,9,28,31,-3,30,13
1373,2017-02-27,Stoke City,26,7,30,40,-10,32,10
1374,2017-02-27,Sunderland,26,4,24,48,-24,19,20
1375,2017-02-27,Swansea City,26,4,32,57,-25,24,16
1376,2017-02-27,Tottenham,26,12,50,18,32,53,2
1377,2017-02-27,Watford,26,4,30,43,-13,31,12
1378,2017-02-27,West Brom,26,5,36,32,4,40,8
1379,2017-02-27,West Ham,26,6,35,44,-9,33,9
1380,2017-03-04,Arsenal,26,8,55,31,24,50,5
1381,2017-03-04,Bournemouth,27,6,37,52,-15,27,14
1382,2017-03-04,Burnley,27,6,30,40,-10,31,12
1383,2017-03-04,Chelsea,26,13,55,19,36,63,1
1384,2017-03-04,Crystal Palace,27,4,35,46,-11,25,17
1385,2017-03-04,Everton,26,9,42,27,15,44,7
1386,2017-03-04,Hull City,27,3,24,53,-29,21,19
1387,2017-03-04,Leicester City,27,5,30,45,-15,27,15
1388,2017-03-04,Liverpool,27,7,58,34,24,52,3
1389,2017-03-04,Manchester City,25,6,51,29,22,52,4
1390,2017-03-04,Manchester Utd,26,10,39,22,17,49,6
1391,2017-03-04,Middlesbrough,27,8,19,30,-11,22,18
1392,2017-03-04,Southampton,26,9,32,34,-2,33,10
1393,2017-03-04,Stoke City,27,8,32,40,-8,35,9
1394,2017-03-04,Sunderland,26,4,24,48,-24,19,20
1395,2017-03-04,Swansea City,27,4,35,59,-24,27,16
1396,2017-03-04,Tottenham,26,12,50,18,32,53,2
1397,2017-03-04,Watford,27,4,33,47,-14,31,13
1398,2017-03-04,West Brom,27,5,36,34,2,40,8
1399,2017-03-04,West Ham,26,6,35,44,-9,33,11
1400,2017-03-05,Arsenal,26,8,55,31,24,50,5
1401,2017-03-05,Bournemouth,27,6,37,52,-15,27,14
1402,2017-03-05,Burnley,27,6,30,40,-10,31,12
1403,2017-03-05,Chelsea,26,13,55,19,36,63,1
1404,2017-03-05,Crystal Palace,27,4,35,46,-11,25,17
1405,2017-03-05,Everton,27,9,44,30,14,44,7
1406,2017-03-05,Hull City,27,3,24,53,-29,21,19
1407,2017-03-05,Leicester City,27,5,30,45,-15,27,15
1408,2017-03-05,Liverpool,27,7,58,34,24,52,4
1409,2017-03-05,Manchester City,26,7,53,29,24,55,3
1410,2017-03-05,Manchester Utd,26,10,39,22,17,49,6
1411,2017-03-05,Middlesbrough,27,8,19,30,-11,22,18
1412,2017-03-05,Southampton,26,9,32,34,-2,33,10
1413,2017-03-05,Stoke City,27,8,32,40,-8,35,9
1414,2017-03-05,Sunderland,27,4,24,50,-26,19,20
1415,2017-03-05,Swansea City,27,4,35,59,-24,27,16
1416,2017-03-05,Tottenham,27,12,53,20,33,56,2
1417,2017-03-05,Watford,27,4,33,47,-14,31,13
1418,2017-03-05,West Brom,27,5,36,34,2,40,8
1419,2017-03-05,West Ham,26,6,35,44,-9,33,11
1420,2017-03-06,Arsenal,26,8,55,31,24,50,5
1421,2017-03-06,Bournemouth,27,6,37,52,-15,27,14
1422,2017-03-06,Burnley,27,6,30,40,-10,31,12
1423,2017-03-06,Chelsea,27,13,57,20,37,66,1
1424,2017-03-06,Crystal Palace,27,4,35,46,-11,25,17
1425,2017-03-06,Everton,27,9,44,30,14,44,7
1426,2017-03-06,Hull City,27,3,24,53,-29,21,19
1427,2017-03-06,Leicester City,27,5,30,45,-15,27,15
1428,2017-03-06,Liverpool,27,7,58,34,24,52,4
1429,2017-03-06,Manchester City,26,7,53,29,24,55,3
1430,2017-03-06,Manchester Utd,26,10,39,22,17,49,6
1431,2017-03-06,Middlesbrough,27,8,19,30,-11,22,18
1432,2017-03-06,Southampton,26,9,32,34,-2,33,10
1433,2017-03-06,Stoke City,27,8,32,40,-8,35,9
1434,2017-03-06,Sunderland,27,4,24,50,-26,19,20
1435,2017-03-06,Swansea City,27,4,35,59,-24,27,16
1436,2017-03-06,Tottenham,27,12,53,20,33,56,2
1437,2017-03-06,Watford,27,4,33,47,-14,31,13
1438,2017-03-06,West Brom,27,5,36,34,2,40,8
1439,2017-03-06,West Ham,27,6,36,46,-10,33,11
1440,2017-03-08,Arsenal,26,8,55,31,24,50,5
1441,2017-03-08,Bournemouth,27,6,37,52,-15,27,14
1442,2017-03-08,Burnley,27,6,30,40,-10,31,12
1443,2017-03-08,Chelsea,27,13,57,20,37,66,1
1444,2017-03-08,Crystal Palace,27,4,35,46,-11,25,17
1445,2017-03-08,Everton,27,9,44,30,14,44,7
1446,2017-03-08,Hull City,27,3,24,53,-29,21,19
1447,2017-03-08,Leicester City,27,5,30,45,-15,27,15
1448,2017-03-08,Liverpool,27,7,58,34,24,52,4
1449,2017-03-08,Manchester City,27,8,53,29,24,56,3
1450,2017-03-08,Manchester Utd,26,10,39,22,17,49,6
1451,2017-03-08,Middlesbrough,27,8,19,30,-11,22,18
1452,2017-03-08,Southampton,26,9,32,34,-2,33,10
1453,2017-03-08,Stoke City,28,9,32,40,-8,36,9
1454,2017-03-08,Sunderland,27,4,24,50,-26,19,20
1455,2017-03-08,Swansea City,27,4,35,59,-24,27,16
1456,2017-03-08,Tottenham,27,12,53,20,33,56,2
1457,2017-03-08,Watford,27,4,33,47,-14,31,13
1458,2017-03-08,West Brom,27,5,36,34,2,40,8
1459,2017-03-08,West Ham,27,6,36,46,-10,33,11
1460,2017-03-11,Arsenal,26,8,55,31,24,50,5
1461,2017-03-11,Bournemouth,28,6,40,54,-14,30,14
1462,2017-03-11,Burnley,27,6,30,40,-10,31,12
1463,2017-03-11,Chelsea,27,13,57,20,37,66,1
1464,2017-03-11,Crystal Palace,27,4,35,46,-11,25,17
1465,2017-03-11,Everton,28,10,47,30,17,47,7
1466,2017-03-11,Hull City,28,3,26,54,-28,24,18
1467,2017-03-11,Leicester City,27,5,30,45,-15,27,15
1468,2017-03-11,Liverpool,27,7,58,34,24,52,4
1469,2017-03-11,Manchester City,27,8,53,29,24,56,3
1470,2017-03-11,Manchester Utd,26,10,39,22,17,49,6
1471,2017-03-11,Middlesbrough,27,8,19,30,-11,22,19
1472,2017-03-11,Southampton,26,9,32,34,-2,33,10
1473,2017-03-11,Stoke City,28,9,32,40,-8,36,9
1474,2017-03-11,Sunderland,27,4,24,50,-26,19,20
1475,2017-03-11,Swansea City,28,4,36,61,-25,27,16
1476,2017-03-11,Tottenham,27,12,53,20,33,56,2
1477,2017-03-11,Watford,27,4,33,47,-14,31,13
1478,2017-03-11,West Brom,28,5,36,37,-1,40,8
1479,2017-03-11,West Ham,28,6,38,49,-11,33,11
1480,2017-03-12,Arsenal,26,8,55,31,24,50,5
1481,2017-03-12,Bournemouth,28,6,40,54,-14,30,14
1482,2017-03-12,Burnley,28,6,31,42,-11,31,12
1483,2017-03-12,Chelsea,27,13,57,20,37,66,1
1484,2017-03-12,Crystal Palace,27,4,35,46,-11,25,17
1485,2017-03-12,Everton,28,10,47,30,17,47,7
1486,2017-03-12,Hull City,28,3,26,54,-28,24,18
1487,2017-03-12,Leicester City,27,5,30,45,-15,27,15
1488,2017-03-12,Liverpool,28,7,60,35,25,55,4
1489,2017-03-12,Manchester City,27,8,53,29,24,56,3
1490,2017-03-12,Manchester Utd,26,10,39,22,17,49,6
1491,2017-03-12,Middlesbrough,27,8,19,30,-11,22,19
1492,2017-03-12,Southampton,26,9,32,34,-2,33,10
1493,2017-03-12,Stoke City,28,9,32,40,-8,36,9
1494,2017-03-12,Sunderland,27,4,24,50,-26,19,20
1495,2017-03-12,Swansea City,28,4,36,61,-25,27,16
1496,2017-03-12,Tottenham,27,12,53,20,33,56,2
1497,2017-03-12,Watford,27,4,33,47,-14,31,13
1498,2017-03-12,West Brom,28,5,36,37,-1,40,8
1499,2017-03-12,West Ham,28,6,38,49,-11,33,11
1500,2017-03-18,Arsenal,27,8,56,34,22,50,5
1501,2017-03-18,Bournemouth,29,7,42,54,-12,33,11
1502,2017-03-18,Burnley,29,7,31,42,-11,32,13
1503,2017-03-18,Chelsea,28,13,59,21,38,69,1
1504,2017-03-18,Crystal Palace,28,5,36,46,-10,28,16
1505,2017-03-18,Everton,29,11,51,30,21,50,6
1506,2017-03-18,Hull City,29,3,26,58,-32,24,18
1507,2017-03-18,Leicester City,28,5,33,47,-14,30,15
1508,2017-03-18,Liverpool,28,7,60,35,25,55,4
1509,2017-03-18,Manchester City,27,8,53,29,24,56,3
1510,2017-03-18,Manchester Utd,26,10,39,22,17,49,7
1511,2017-03-18,Middlesbrough,27,8,19,30,-11,22,19
1512,2017-03-18,Southampton,26,9,32,34,-2,33,10
1513,2017-03-18,Stoke City,29,9,33,42,-9,36,9
1514,2017-03-18,Sunderland,28,5,24,50,-26,20,20
1515,2017-03-18,Swansea City,29,4,36,63,-27,27,17
1516,2017-03-18,Tottenham,27,12,53,20,33,56,2
1517,2017-03-18,Watford,28,4,33,48,-15,31,14
1518,2017-03-18,West Brom,29,5,39,38,1,43,8
1519,2017-03-18,West Ham,29,6,40,52,-12,33,12
1520,2017-03-19,Arsenal,27,8,56,34,22,50,6
1521,2017-03-19,Bournemouth,29,7,42,54,-12,33,11
1522,2017-03-19,Burnley,29,7,31,42,-11,32,13
1523,2017-03-19,Chelsea,28,13,59,21,38,69,1
1524,2017-03-19,Crystal Palace,28,5,36,46,-10,28,16
1525,2017-03-19,Everton,29,11,51,30,21,50,7
1526,2017-03-19,Hull City,29,3,26,58,-32,24,18
1527,2017-03-19,Leicester City,28,5,33,47,-14,30,15
1528,2017-03-19,Liverpool,29,7,61,36,25,56,4
1529,2017-03-19,Manchester City,28,8,54,30,24,57,3
1530,2017-03-19,Manchester Utd,27,10,42,23,19,52,5
1531,2017-03-19,Middlesbrough,28,8,20,33,-13,22,19
1532,2017-03-19,Southampton,27,9,33,36,-3,33,10
1533,2017-03-19,Stoke City,29,9,33,42,-9,36,9
1534,2017-03-19,Sunderland,28,5,24,50,-26,20,20
1535,2017-03-19,Swansea City,29,4,36,63,-27,27,17
1536,2017-03-19,Tottenham,28,12,55,21,34,59,2
1537,2017-03-19,Watford,28,4,33,48,-15,31,14
1538,2017-03-19,West Brom,29,5,39,38,1,43,8
1539,2017-03-19,West Ham,29,6,40,52,-12,33,12
1540,2017-04-01,Arsenal,27,8,56,34,22,50,6
1541,2017-04-01,Bournemouth,30,8,42,54,-12,34,11
1542,2017-04-01,Burnley,30,7,31,44,-13,32,15
1543,2017-04-01,Chelsea,29,13,60,23,37,69,1
1544,2017-04-01,Crystal Palace,29,5,38,47,-9,31,16
1545,2017-04-01,Everton,30,11,52,33,19,50,7
1546,2017-04-01,Hull City,30,3,28,59,-31,27,18
1547,2017-04-01,Leicester City,29,6,35,47,-12,33,13
1548,2017-04-01,Liverpool,30,7,64,37,27,59,3
1549,2017-04-01,Manchester City,28,8,54,30,24,57,4
1550,2017-04-01,Manchester Utd,28,11,42,23,19,53,5
1551,2017-04-01,Middlesbrough,28,8,20,33,-13,22,19
1552,2017-04-01,Southampton,28,10,33,36,-3,34,10
1553,2017-04-01,Stoke City,30,9,33,44,-11,36,9
1554,2017-04-01,Sunderland,29,5,24,51,-27,20,20
1555,2017-04-01,Swansea City,29,4,36,63,-27,27,17
1556,2017-04-01,Tottenham,29,13,57,21,36,62,2
1557,2017-04-01,Watford,29,5,34,48,-14,34,12
1558,2017-04-01,West Brom,30,6,39,38,1,44,8
1559,2017-04-01,West Ham,30,6,41,54,-13,33,14
1560,2017-04-02,Arsenal,28,8,58,36,22,51,6
1561,2017-04-02,Bournemouth,30,8,42,54,-12,34,11
1562,2017-04-02,Burnley,30,7,31,44,-13,32,15
1563,2017-04-02,Chelsea,29,13,60,23,37,69,1
1564,2017-04-02,Crystal Palace,29,5,38,47,-9,31,16
1565,2017-04-02,Everton,30,11,52,33,19,50,7
1566,2017-04-02,Hull City,30,3,28,59,-31,27,18
1567,2017-04-02,Leicester City,29,6,35,47,-12,33,13
1568,2017-04-02,Liverpool,30,7,64,37,27,59,3
1569,2017-04-02,Manchester City,29,8,56,32,24,58,4
1570,2017-04-02,Manchester Utd,28,11,42,23,19,53,5
1571,2017-04-02,Middlesbrough,29,9,20,33,-13,23,19
1572,2017-04-02,Southampton,28,10,33,36,-3,34,10
1573,2017-04-02,Stoke City,30,9,33,44,-11,36,9
1574,2017-04-02,Sunderland,29,5,24,51,-27,20,20
1575,2017-04-02,Swansea City,30,5,36,63,-27,28,17
1576,2017-04-02,Tottenham,29,13,57,21,36,62,2
1577,2017-04-02,Watford,29,5,34,48,-14,34,12
1578,2017-04-02,West Brom,30,6,39,38,1,44,8
1579,2017-04-02,West Ham,30,6,41,54,-13,33,14
1580,2017-04-04,Arsenal,28,8,58,36,22,51,6
1581,2017-04-04,Bournemouth,30,8,42,54,-12,34,14
1582,2017-04-04,Burnley,31,8,32,44,-12,35,12
1583,2017-04-04,Chelsea,29,13,60,23,37,69,1
1584,2017-04-04,Crystal Palace,29,5,38,47,-9,31,16
1585,2017-04-04,Everton,31,11,53,34,19,51,7
1586,2017-04-04,Hull City,30,3,28,59,-31,27,18
1587,2017-04-04,Leicester City,30,7,37,47,-10,36,10
1588,2017-04-04,Liverpool,30,7,64,37,27,59,3
1589,2017-04-04,Manchester City,29,8,56,32,24,58,4
1590,2017-04-04,Manchester Utd,29,11,43,24,19,54,5
1591,2017-04-04,Middlesbrough,29,9,20,33,-13,23,19
1592,2017-04-04,Southampton,28,10,33,36,-3,34,13
1593,2017-04-04,Stoke City,31,9,33,45,-12,36,11
1594,2017-04-04,Sunderland,30,5,24,53,-29,20,20
1595,2017-04-04,Swansea City,30,5,36,63,-27,28,17
1596,2017-04-04,Tottenham,29,13,57,21,36,62,2
1597,2017-04-04,Watford,30,6,36,48,-12,37,9
1598,2017-04-04,West Brom,31,6,39,40,-1,44,8
1599,2017-04-04,West Ham,30,6,41,54,-13,33,15
1600,2017-04-05,Arsenal,29,9,61,36,25,54,5
1601,2017-04-05,Bournemouth,31,8,44,56,-12,35,13
1602,2017-04-05,Burnley,31,8,32,44,-12,35,14
1603,2017-04-05,Chelsea,30,13,62,24,38,72,1
1604,2017-04-05,Crystal Palace,30,5,39,50,-11,31,16
1605,2017-04-05,Everton,31,11,53,34,19,51,7
1606,2017-04-05,Hull City,31,3,32,61,-29,30,17
1607,2017-04-05,Leicester City,30,7,37,47,-10,36,11
1608,2017-04-05,Liverpool,31,7,66,39,27,60,3
1609,2017-04-05,Manchester City,30,8,57,34,23,58,4
1610,2017-04-05,Manchester Utd,29,11,43,24,19,54,6
1611,2017-04-05,Middlesbrough,30,9,22,37,-15,23,19
1612,2017-04-05,Southampton,29,10,36,37,-1,37,9
1613,2017-04-05,Stoke City,31,9,33,45,-12,36,12
1614,2017-04-05,Sunderland,30,5,24,53,-29,20,20
1615,2017-04-05,Swansea City,31,5,37,66,-29,28,18
1616,2017-04-05,Tottenham,30,13,60,22,38,65,2
1617,2017-04-05,Watford,30,6,36,48,-12,37,10
1618,2017-04-05,West Brom,31,6,39,40,-1,44,8
1619,2017-04-05,West Ham,31,6,41,57,-16,33,15
1620,2017-04-08,Arsenal,29,9,61,36,25,54,5
1621,2017-04-08,Bournemouth,32,8,45,59,-14,35,15
1622,2017-04-08,Burnley,32,9,32,44,-12,36,12
1623,2017-04-08,Chelsea,31,13,65,25,40,75,1
1624,2017-04-08,Crystal Palace,30,5,39,50,-11,31,16
1625,2017-04-08,Everton,31,11,53,34,19,51,7
1626,2017-04-08,Hull City,32,3,33,64,-31,30,17
1627,2017-04-08,Leicester City,30,7,37,47,-10,36,11
1628,2017-04-08,Liverpool,32,7,68,40,28,63,3
1629,2017-04-08,Manchester City,31,8,60,35,25,61,4
1630,2017-04-08,Manchester Utd,29,11,43,24,19,54,6
1631,2017-04-08,Middlesbrough,31,10,22,37,-15,24,19
1632,2017-04-08,Southampton,30,11,37,37,0,40,9
1633,2017-04-08,Stoke City,32,9,34,47,-13,36,13
1634,2017-04-08,Sunderland,30,5,24,53,-29,20,20
1635,2017-04-08,Swansea City,32,5,37,67,-30,28,18
1636,2017-04-08,Tottenham,31,14,64,22,42,68,2
1637,2017-04-08,Watford,31,6,36,52,-16,37,10
1638,2017-04-08,West Brom,32,6,39,41,-2,44,8
1639,2017-04-08,West Ham,32,7,42,57,-15,36,14
1640,2017-04-09,Arsenal,29,9,61,36,25,54,6
1641,2017-04-09,Bournemouth,32,8,45,59,-14,35,15
1642,2017-04-09,Burnley,32,9,32,44,-12,36,12
1643,2017-04-09,Chelsea,31,13,65,25,40,75,1
1644,2017-04-09,Crystal Palace,30,5,39,50,-11,31,16
1645,2017-04-09,Everton,32,11,57,36,21,54,7
1646,2017-04-09,Hull City,32,3,33,64,-31,30,17
1647,2017-04-09,Leicester City,31,7,39,51,-12,36,11
1648,2017-04-09,Liverpool,32,7,68,40,28,63,3
1649,2017-04-09,Manchester City,31,8,60,35,25,61,4
1650,2017-04-09,Manchester Utd,30,12,46,24,22,57,5
1651,2017-04-09,Middlesbrough,31,10,22,37,-15,24,19
1652,2017-04-09,Southampton,30,11,37,37,0,40,9
1653,2017-04-09,Stoke City,32,9,34,47,-13,36,13
1654,2017-04-09,Sunderland,31,5,24,56,-32,20,20
1655,2017-04-09,Swansea City,32,5,37,67,-30,28,18
1656,2017-04-09,Tottenham,31,14,64,22,42,68,2
1657,2017-04-09,Watford,31,6,36,52,-16,37,10
1658,2017-04-09,West Brom,32,6,39,41,-2,44,8
1659,2017-04-09,West Ham,32,7,42,57,-15,36,14
1660,2017-04-10,Arsenal,30,9,61,39,22,54,6
1661,2017-04-10,Bournemouth,32,8,45,59,-14,35,15
1662,2017-04-10,Burnley,32,9,32,44,-12,36,12
1663,2017-04-10,Chelsea,31,13,65,25,40,75,1
1664,2017-04-10,Crystal Palace,31,6,42,50,-8,34,16
1665,2017-04-10,Everton,32,11,57,36,21,54,7
1666,2017-04-10,Hull City,32,3,33,64,-31,30,17
1667,2017-04-10,Leicester City,31,7,39,51,-12,36,11
1668,2017-04-10,Liverpool,32,7,68,40,28,63,3
1669,2017-04-10,Manchester City,31,8,60,35,25,61,4
1670,2017-04-10,Manchester Utd,30,12,46,24,22,57,5
1671,2017-04-10,Middlesbrough,31,10,22,37,-15,24,19
1672,2017-04-10,Southampton,30,11,37,37,0,40,9
1673,2017-04-10,Stoke City,32,9,34,47,-13,36,13
1674,2017-04-10,Sunderland,31,5,24,56,-32,20,20
1675,2017-04-10,Swansea City,32,5,37,67,-30,28,18
1676,2017-04-10,Tottenham,31,14,64,22,42,68,2
1677,2017-04-10,Watford,31,6,36,52,-16,37,10
1678,2017-04-10,West Brom,32,6,39,41,-2,44,8
1679,2017-04-10,West Ham,32,7,42,57,-15,36,14
1680,2017-04-15,Arsenal,30,9,61,39,22,54,7
1681,2017-04-15,Bournemouth,33,8,45,63,-18,35,16
1682,2017-04-15,Burnley,33,9,33,47,-14,36,14
1683,2017-04-15,Chelsea,31,13,65,25,40,75,1
1684,2017-04-15,Crystal Palace,32,6,44,52,-8,35,15
1685,2017-04-15,Everton,33,11,60,37,23,57,5
1686,2017-04-15,Hull City,33,3,34,67,-33,30,17
1687,2017-04-15,Leicester City,32,7,41,53,-12,37,12
1688,2017-04-15,Liverpool,32,7,68,40,28,63,4
1689,2017-04-15,Manchester City,32,9,63,35,28,64,3
1690,2017-04-15,Manchester Utd,30,12,46,24,22,57,6
1691,2017-04-15,Middlesbrough,31,10,22,37,-15,24,19
1692,2017-04-15,Southampton,31,11,37,40,-3,40,9
1693,2017-04-15,Stoke City,33,9,37,48,-11,39,11
1694,2017-04-15,Sunderland,32,5,26,58,-32,21,20
1695,2017-04-15,Swansea City,33,5,37,68,-31,28,18
1696,2017-04-15,Tottenham,32,15,68,22,46,71,2
1697,2017-04-15,Watford,32,7,37,52,-15,40,10
1698,2017-04-15,West Brom,32,6,39,41,-2,44,8
1699,2017-04-15,West Ham,33,7,44,59,-15,37,13
1700,2017-04-16,Arsenal,30,9,61,39,22,54,7
1701,2017-04-16,Bournemouth,33,8,45,63,-18,35,16
1702,2017-04-16,Burnley,33,9,33,47,-14,36,14
1703,2017-04-16,Chelsea,32,13,65,27,38,75,1
1704,2017-04-16,Crystal Palace,32,6,44,52,-8,35,15
1705,2017-04-16,Everton,33,11,60,37,23,57,6
1706,2017-04-16,Hull City,33,3,34,67,-33,30,17
1707,2017-04-16,Leicester City,32,7,41,53,-12,37,12
1708,2017-04-16,Liverpool,33,8,69,40,29,66,3
1709,2017-04-16,Manchester City,32,9,63,35,28,64,4
1710,2017-04-16,Manchester Utd,31,13,48,24,24,60,5
1711,2017-04-16,Middlesbrough,31,10,22,37,-15,24,19
1712,2017-04-16,Southampton,31,11,37,40,-3,40,9
1713,2017-04-16,Stoke City,33,9,37,48,-11,39,11
1714,2017-04-16,Sunderland,32,5,26,58,-32,21,20
1715,2017-04-16,Swansea City,33,5,37,68,-31,28,18
1716,2017-04-16,Tottenham,32,15,68,22,46,71,2
1717,2017-04-16,Watford,32,7,37,52,-15,40,10
1718,2017-04-16,West Brom,33,6,39,42,-3,44,8
1719,2017-04-16,West Ham,33,7,44,59,-15,37,13
1720,2017-04-17,Arsenal,31,9,63,40,23,57,6
1721,2017-04-17,Bournemouth,33,8,45,63,-18,35,16
1722,2017-04-17,Burnley,33,9,33,47,-14,36,14
1723,2017-04-17,Chelsea,32,13,65,27,38,75,1
1724,2017-04-17,Crystal Palace,32,6,44,52,-8,35,15
1725,2017-04-17,Everton,33,11,60,37,23,57,7
1726,2017-04-17,Hull City,33,3,34,67,-33,30,17
1727,2017-04-17,Leicester City,32,7,41,53,-12,37,12
1728,2017-04-17,Liverpool,33,8,69,40,29,66,3
1729,2017-04-17,Manchester City,32,9,63,35,28,64,4
1730,2017-04-17,Manchester Utd,31,13,48,24,24,60,5
1731,2017-04-17,Middlesbrough,32,10,23,39,-16,24,19
1732,2017-04-17,Southampton,31,11,37,40,-3,40,9
1733,2017-04-17,Stoke City,33,9,37,48,-11,39,11
1734,2017-04-17,Sunderland,32,5,26,58,-32,21,20
1735,2017-04-17,Swansea City,33,5,37,68,-31,28,18
1736,2017-04-17,Tottenham,32,15,68,22,46,71,2
1737,2017-04-17,Watford,32,7,37,52,-15,40,10
1738,2017-04-17,West Brom,33,6,39,42,-3,44,8
1739,2017-04-17,West Ham,33,7,44,59,-15,37,13
1740,2017-04-22,Arsenal,31,9,63,40,23,57,7
1741,2017-04-22,Bournemouth,34,9,49,63,-14,38,12
1742,2017-04-22,Burnley,33,9,33,47,-14,36,15
1743,2017-04-22,Chelsea,32,13,65,27,38,75,1
1744,2017-04-22,Crystal Palace,32,6,44,52,-8,35,16
1745,2017-04-22,Everton,34,12,60,37,23,58,6
1746,2017-04-22,Hull City,34,4,36,67,-31,33,17
1747,2017-04-22,Leicester City,32,7,41,53,-12,37,14
1748,2017-04-22,Liverpool,33,8,69,40,29,66,3
1749,2017-04-22,Manchester City,32,9,63,35,28,64,4
1750,2017-04-22,Manchester Utd,31,13,48,24,24,60,5
1751,2017-04-22,Middlesbrough,33,10,23,43,-20,24,19
1752,2017-04-22,Southampton,31,11,37,40,-3,40,9
1753,2017-04-22,Stoke City,34,9,37,50,-13,39,11
1754,2017-04-22,Sunderland,32,5,26,58,-32,21,20
1755,2017-04-22,Swansea City,34,6,39,68,-29,31,18
1756,2017-04-22,Tottenham,32,15,68,22,46,71,2
1757,2017-04-22,Watford,33,7,37,54,-17,40,10
1758,2017-04-22,West Brom,33,6,39,42,-3,44,8
1759,2017-04-22,West Ham,34,8,44,59,-15,38,13
1760,2017-04-23,Arsenal,31,9,63,40,23,57,7
1761,2017-04-23,Bournemouth,34,9,49,63,-14,38,13
1762,2017-04-23,Burnley,34,9,33,49,-16,36,16
1763,2017-04-23,Chelsea,32,13,65,27,38,75,1
1764,2017-04-23,Crystal Palace,33,6,46,53,-7,38,12
1765,2017-04-23,Everton,34,12,60,37,23,58,6
1766,2017-04-23,Hull City,34,4,36,67,-31,33,17
1767,2017-04-23,Leicester City,32,7,41,53,-12,37,15
1768,2017-04-23,Liverpool,34,8,70,42,28,66,3
1769,2017-04-23,Manchester City,32,9,63,35,28,64,4
1770,2017-04-23,Manchester Utd,32,14,50,24,26,63,5
1771,2017-04-23,Middlesbrough,33,10,23,43,-20,24,19
1772,2017-04-23,Southampton,31,11,37,40,-3,40,9
1773,2017-04-23,Stoke City,34,9,37,50,-13,39,11
1774,2017-04-23,Sunderland,32,5,26,58,-32,21,20
1775,2017-04-23,Swansea City,34,6,39,68,-29,31,18
1776,2017-04-23,Tottenham,32,15,68,22,46,71,2
1777,2017-04-23,Watford,33,7,37,54,-17,40,10
1778,2017-04-23,West Brom,33,6,39,42,-3,44,8
1779,2017-04-23,West Ham,34,8,44,59,-15,38,14
1780,2017-04-25,Arsenal,31,9,63,40,23,57,7
1781,2017-04-25,Bournemouth,34,9,49,63,-14,38,13
1782,2017-04-25,Burnley,34,9,33,49,-16,36,16
1783,2017-04-25,Chelsea,33,13,69,29,40,78,1
1784,2017-04-25,Crystal Palace,33,6,46,53,-7,38,12
1785,2017-04-25,Everton,34,12,60,37,23,58,6
1786,2017-04-25,Hull City,34,4,36,67,-31,33,17
1787,2017-04-25,Leicester City,32,7,41,53,-12,37,15
1788,2017-04-25,Liverpool,34,8,70,42,28,66,3
1789,2017-04-25,Manchester City,32,9,63,35,28,64,4
1790,2017-04-25,Manchester Utd,32,14,50,24,26,63,5
1791,2017-04-25,Middlesbrough,33,10,23,43,-20,24,19
1792,2017-04-25,Southampton,32,11,39,44,-5,40,9
1793,2017-04-25,Stoke City,34,9,37,50,-13,39,11
1794,2017-04-25,Sunderland,32,5,26,58,-32,21,20
1795,2017-04-25,Swansea City,34,6,39,68,-29,31,18
1796,2017-04-25,Tottenham,32,15,68,22,46,71,2
1797,2017-04-25,Watford,33,7,37,54,-17,40,10
1798,2017-04-25,West Brom,33,6,39,42,-3,44,8
1799,2017-04-25,West Ham,34,8,44,59,-15,38,14
1800,2017-04-26,Arsenal,32,10,64,40,24,60,6
1801,2017-04-26,Bournemouth,34,9,49,63,-14,38,13
1802,2017-04-26,Burnley,34,9,33,49,-16,36,16
1803,2017-04-26,Chelsea,33,13,69,29,40,78,1
1804,2017-04-26,Crystal Palace,34,6,46,54,-8,38,12
1805,2017-04-26,Everton,34,12,60,37,23,58,7
1806,2017-04-26,Hull City,34,4,36,67,-31,33,17
1807,2017-04-26,Leicester City,33,7,41,54,-13,37,15
1808,2017-04-26,Liverpool,34,8,70,42,28,66,3
1809,2017-04-26,Manchester City,32,9,63,35,28,64,4
1810,2017-04-26,Manchester Utd,32,14,50,24,26,63,5
1811,2017-04-26,Middlesbrough,34,11,24,43,-19,27,19
1812,2017-04-26,Southampton,32,11,39,44,-5,40,9
1813,2017-04-26,Stoke City,34,9,37,50,-13,39,11
1814,2017-04-26,Sunderland,33,5,26,59,-33,21,20
1815,2017-04-26,Swansea City,34,6,39,68,-29,31,18
1816,2017-04-26,Tottenham,33,16,69,22,47,74,2
1817,2017-04-26,Watford,33,7,37,54,-17,40,10
1818,2017-04-26,West Brom,33,6,39,42,-3,44,8
1819,2017-04-26,West Ham,34,8,44,59,-15,38,14
1820,2017-04-27,Arsenal,32,10,64,40,24,60,6
1821,2017-04-27,Bournemouth,34,9,49,63,-14,38,13
1822,2017-04-27,Burnley,34,9,33,49,-16,36,16
1823,2017-04-27,Chelsea,33,13,69,29,40,78,1
1824,2017-04-27,Crystal Palace,34,6,46,54,-8,38,12
1825,2017-04-27,Everton,34,12,60,37,23,58,7
1826,2017-04-27,Hull City,34,4,36,67,-31,33,17
1827,2017-04-27,Leicester City,33,7,41,54,-13,37,15
1828,2017-04-27,Liverpool,34,8,70,42,28,66,3
1829,2017-04-27,Manchester City,33,10,63,35,28,65,4
1830,2017-04-27,Manchester Utd,33,15,50,24,26,64,5
1831,2017-04-27,Middlesbrough,34,11,24,43,-19,27,19
1832,2017-04-27,Southampton,32,11,39,44,-5,40,9
1833,2017-04-27,Stoke City,34,9,37,50,-13,39,11
1834,2017-04-27,Sunderland,33,5,26,59,-33,21,20
1835,2017-04-27,Swansea City,34,6,39,68,-29,31,18
1836,2017-04-27,Tottenham,33,16,69,22,47,74,2
1837,2017-04-27,Watford,33,7,37,54,-17,40,10
1838,2017-04-27,West Brom,33,6,39,42,-3,44,8
1839,2017-04-27,West Ham,34,8,44,59,-15,38,14
1840,2017-04-29,Arsenal,32,10,64,40,24,60,6
1841,2017-04-29,Bournemouth,35,10,50,63,-13,41,10
1842,2017-04-29,Burnley,35,10,35,49,-14,39,14
1843,2017-04-29,Chelsea,33,13,69,29,40,78,1
1844,2017-04-29,Crystal Palace,35,6,46,56,-10,38,16
1845,2017-04-29,Everton,34,12,60,37,23,58,7
1846,2017-04-29,Hull City,35,5,36,67,-31,34,17
1847,2017-04-29,Leicester City,34,8,42,54,-12,40,11
1848,2017-04-29,Liverpool,34,8,70,42,28,66,3
1849,2017-04-29,Manchester City,33,10,63,35,28,65,4
1850,2017-04-29,Manchester Utd,33,15,50,24,26,64,5
1851,2017-04-29,Middlesbrough,34,11,24,43,-19,27,19
1852,2017-04-29,Southampton,33,12,39,44,-5,41,9
1853,2017-04-29,Stoke City,35,10,37,50,-13,40,12
1854,2017-04-29,Sunderland,34,5,26,60,-34,21,20
1855,2017-04-29,Swansea City,34,6,39,68,-29,31,18
1856,2017-04-29,Tottenham,33,16,69,22,47,74,2
1857,2017-04-29,Watford,33,7,37,54,-17,40,13
1858,2017-04-29,West Brom,34,6,39,43,-4,44,8
1859,2017-04-29,West Ham,35,9,44,59,-15,39,15
1860,2017-04-30,Arsenal,33,10,64,42,22,60,6
1861,2017-04-30,Bournemouth,35,10,50,63,-13,41,10
1862,2017-04-30,Burnley,35,10,35,49,-14,39,14
1863,2017-04-30,Chelsea,34,14,72,29,43,81,1
1864,2017-04-30,Crystal Palace,35,6,46,56,-10,38,16
1865,2017-04-30,Everton,35,12,60,40,20,58,7
1866,2017-04-30,Hull City,35,5,36,67,-31,34,17
1867,2017-04-30,Leicester City,34,8,42,54,-12,40,11
1868,2017-04-30,Liverpool,34,8,70,42,28,66,3
1869,2017-04-30,Manchester City,34,10,65,37,28,66,4
1870,2017-04-30,Manchester Utd,34,15,51,25,26,65,5
1871,2017-04-30,Middlesbrough,35,11,26,45,-19,28,19
1872,2017-04-30,Southampton,33,12,39,44,-5,41,9
1873,2017-04-30,Stoke City,35,10,37,50,-13,40,12
1874,2017-04-30,Sunderland,34,5,26,60,-34,21,20
1875,2017-04-30,Swansea City,35,6,40,69,-29,32,18
1876,2017-04-30,Tottenham,34,17,71,22,49,77,2
1877,2017-04-30,Watford,33,7,37,54,-17,40,13
1878,2017-04-30,West Brom,34,6,39,43,-4,44,8
1879,2017-04-30,West Ham,35,9,44,59,-15,39,15
1880,2017-05-01,Arsenal,33,10,64,42,22,60,6
1881,2017-05-01,Bournemouth,35,10,50,63,-13,41,10
1882,2017-05-01,Burnley,35,10,35,49,-14,39,14
1883,2017-05-01,Chelsea,34,14,72,29,43,81,1
1884,2017-05-01,Crystal Palace,35,6,46,56,-10,38,16
1885,2017-05-01,Everton,35,12,60,40,20,58,7
1886,2017-05-01,Hull City,35,5,36,67,-31,34,17
1887,2017-05-01,Leicester City,34,8,42,54,-12,40,11
1888,2017-05-01,Liverpool,35,9,71,42,29,69,3
1889,2017-05-01,Manchester City,34,10,65,37,28,66,4
1890,2017-05-01,Manchester Utd,34,15,51,25,26,65,5
1891,2017-05-01,Middlesbrough,35,11,26,45,-19,28,19
1892,2017-05-01,Southampton,33,12,39,44,-5,41,9
1893,2017-05-01,Stoke City,35,10,37,50,-13,40,12
1894,2017-05-01,Sunderland,34,5,26,60,-34,21,20
1895,2017-05-01,Swansea City,35,6,40,69,-29,32,18
1896,2017-05-01,Tottenham,34,17,71,22,49,77,2
1897,2017-05-01,Watford,34,7,37,55,-18,40,13
1898,2017-05-01,West Brom,34,6,39,43,-4,44,8
1899,2017-05-01,West Ham,35,9,44,59,-15,39,15
1900,2017-05-05,Arsenal,33,10,64,42,22,60,6
1901,2017-05-05,Bournemouth,35,10,50,63,-13,41,11
1902,2017-05-05,Burnley,35,10,35,49,-14,39,15
1903,2017-05-05,Chelsea,34,14,72,29,43,81,1
1904,2017-05-05,Crystal Palace,35,6,46,56,-10,38,16
1905,2017-05-05,Everton,35,12,60,40,20,58,7
1906,2017-05-05,Hull City,35,5,36,67,-31,34,17
1907,2017-05-05,Leicester City,34,8,42,54,-12,40,12
1908,2017-05-05,Liverpool,35,9,71,42,29,69,3
1909,2017-05-05,Manchester City,34,10,65,37,28,66,4
1910,2017-05-05,Manchester Utd,34,15,51,25,26,65,5
1911,2017-05-05,Middlesbrough,35,11,26,45,-19,28,19
1912,2017-05-05,Southampton,33,12,39,44,-5,41,10
1913,2017-05-05,Stoke City,35,10,37,50,-13,40,13
1914,2017-05-05,Sunderland,34,5,26,60,-34,21,20
1915,2017-05-05,Swansea City,35,6,40,69,-29,32,18
1916,2017-05-05,Tottenham,35,17,71,23,48,77,2
1917,2017-05-05,Watford,34,7,37,55,-18,40,14
1918,2017-05-05,West Brom,34,6,39,43,-4,44,8
1919,2017-05-05,West Ham,36,10,45,59,-14,42,9
1920,2017-05-06,Arsenal,33,10,64,42,22,60,6
1921,2017-05-06,Bournemouth,36,10,52,65,-13,42,10
1922,2017-05-06,Burnley,36,10,37,51,-14,40,14
1923,2017-05-06,Chelsea,34,14,72,29,43,81,1
1924,2017-05-06,Crystal Palace,36,6,46,61,-15,38,16
1925,2017-05-06,Everton,36,12,60,41,19,58,7
1926,2017-05-06,Hull City,36,5,36,69,-33,34,18
1927,2017-05-06,Leicester City,35,9,45,54,-9,43,9
1928,2017-05-06,Liverpool,35,9,71,42,29,69,4
1929,2017-05-06,Manchester City,35,11,70,37,33,69,3
1930,2017-05-06,Manchester Utd,34,15,51,25,26,65,5
1931,2017-05-06,Middlesbrough,35,11,26,45,-19,28,19
1932,2017-05-06,Southampton,33,12,39,44,-5,41,12
1933,2017-05-06,Stoke City,36,10,39,52,-13,41,13
1934,2017-05-06,Sunderland,35,6,28,60,-32,24,20
1935,2017-05-06,Swansea City,36,7,41,69,-28,35,17
1936,2017-05-06,Tottenham,35,17,71,23,48,77,2
1937,2017-05-06,Watford,35,7,37,58,-21,40,15
1938,2017-05-06,West Brom,35,6,41,45,-4,45,8
1939,2017-05-06,West Ham,36,10,45,59,-14,42,11
1940,2017-05-07,Arsenal,34,11,66,42,24,63,6
1941,2017-05-07,Bournemouth,36,10,52,65,-13,42,11
1942,2017-05-07,Burnley,36,10,37,51,-14,40,14
1943,2017-05-07,Chelsea,34,14,72,29,43,81,1
1944,2017-05-07,Crystal Palace,36,6,46,61,-15,38,16
1945,2017-05-07,Everton,36,12,60,41,19,58,7
1946,2017-05-07,Hull City,36,5,36,69,-33,34,18
1947,2017-05-07,Leicester City,35,9,45,54,-9,43,9
1948,2017-05-07,Liverpool,36,10,71,42,29,70,3
1949,2017-05-07,Manchester City,35,11,70,37,33,69,4
1950,2017-05-07,Manchester Utd,35,15,51,27,24,65,5
1951,2017-05-07,Middlesbrough,35,11,26,45,-19,28,19
1952,2017-05-07,Southampton,34,13,39,44,-5,42,10
1953,2017-05-07,Stoke City,36,10,39,52,-13,41,13
1954,2017-05-07,Sunderland,35,6,28,60,-32,24,20
1955,2017-05-07,Swansea City,36,7,41,69,-28,35,17
1956,2017-05-07,Tottenham,35,17,71,23,48,77,2
1957,2017-05-07,Watford,35,7,37,58,-21,40,15
1958,2017-05-07,West Brom,35,6,41,45,-4,45,8
1959,2017-05-07,West Ham,36,10,45,59,-14,42,12
1960,2017-05-08,Arsenal,34,11,66,42,24,63,6
1961,2017-05-08,Bournemouth,36,10,52,65,-13,42,11
1962,2017-05-08,Burnley,36,10,37,51,-14,40,14
1963,2017-05-08,Chelsea,35,15,75,29,46,84,1
1964,2017-05-08,Crystal Palace,36,6,46,61,-15,38,16
1965,2017-05-08,Everton,36,12,60,41,19,58,7
1966,2017-05-08,Hull City,36,5,36,69,-33,34,18
1967,2017-05-08,Leicester City,35,9,45,54,-9,43,9
1968,2017-05-08,Liverpool,36,10,71,42,29,70,3
1969,2017-05-08,Manchester City,35,11,70,37,33,69,4
1970,2017-05-08,Manchester Utd,35,15,51,27,24,65,5
1971,2017-05-08,Middlesbrough,36,11,26,48,-22,28,19
1972,2017-05-08,Southampton,34,13,39,44,-5,42,10
1973,2017-05-08,Stoke City,36,10,39,52,-13,41,13
1974,2017-05-08,Sunderland,35,6,28,60,-32,24,20
1975,2017-05-08,Swansea City,36,7,41,69,-28,35,17
1976,2017-05-08,Tottenham,35,17,71,23,48,77,2
1977,2017-05-08,Watford,35,7,37,58,-21,40,15
1978,2017-05-08,West Brom,35,6,41,45,-4,45,8
1979,2017-05-08,West Ham,36,10,45,59,-14,42,12
1980,2017-05-10,Arsenal,35,12,68,42,26,66,5
1981,2017-05-10,Bournemouth,36,10,52,65,-13,42,11
1982,2017-05-10,Burnley,36,10,37,51,-14,40,14
1983,2017-05-10,Chelsea,35,15,75,29,46,84,1
1984,2017-05-10,Crystal Palace,36,6,46,61,-15,38,16
1985,2017-05-10,Everton,36,12,60,41,19,58,7
1986,2017-05-10,Hull City,36,5,36,69,-33,34,18
1987,2017-05-10,Leicester City,35,9,45,54,-9,43,9
1988,2017-05-10,Liverpool,36,10,71,42,29,70,3
1989,2017-05-10,Manchester City,35,11,70,37,33,69,4
1990,2017-05-10,Manchester Utd,35,15,51,27,24,65,6
1991,2017-05-10,Middlesbrough,36,11,26,48,-22,28,19
1992,2017-05-10,Southampton,35,13,39,46,-7,42,10
1993,2017-05-10,Stoke City,36,10,39,52,-13,41,13
1994,2017-05-10,Sunderland,35,6,28,60,-32,24,20
1995,2017-05-10,Swansea City,36,7,41,69,-28,35,17
1996,2017-05-10,Tottenham,35,17,71,23,48,77,2
1997,2017-05-10,Watford,35,7,37,58,-21,40,15
1998,2017-05-10,West Brom,35,6,41,45,-4,45,8
1999,2017-05-10,West Ham,36,10,45,59,-14,42,12
2000,2017-05-12,Arsenal,35,12,68,42,26,66,5
2001,2017-05-12,Bournemouth,36,10,52,65,-13,42,11
2002,2017-05-12,Burnley,36,10,37,51,-14,40,14
2003,2017-05-12,Chelsea,36,16,76,29,47,87,1
2004,2017-05-12,Crystal Palace,36,6,46,61,-15,38,16
2005,2017-05-12,Everton,37,13,61,41,20,61,7
2006,2017-05-12,Hull City,36,5,36,69,-33,34,18
2007,2017-05-12,Leicester City,35,9,45,54,-9,43,9
2008,2017-05-12,Liverpool,36,10,71,42,29,70,3
2009,2017-05-12,Manchester City,35,11,70,37,33,69,4
2010,2017-05-12,Manchester Utd,35,15,51,27,24,65,6
2011,2017-05-12,Middlesbrough,36,11,26,48,-22,28,19
2012,2017-05-12,Southampton,35,13,39,46,-7,42,10
2013,2017-05-12,Stoke City,36,10,39,52,-13,41,13
2014,2017-05-12,Sunderland,35,6,28,60,-32,24,20
2015,2017-05-12,Swansea City,36,7,41,69,-28,35,17
2016,2017-05-12,Tottenham,35,17,71,23,48,77,2
2017,2017-05-12,Watford,36,7,37,59,-22,40,15
2018,2017-05-12,West Brom,36,6,41,46,-5,45,8
2019,2017-05-12,West Ham,36,10,45,59,-14,42,12
2020,2017-05-13,Arsenal,36,12,72,43,29,69,5
2021,2017-05-13,Bournemouth,37,10,54,66,-12,45,10
2022,2017-05-13,Burnley,37,10,38,53,-15,40,14
2023,2017-05-13,Chelsea,36,16,76,29,47,87,1
2024,2017-05-13,Crystal Palace,36,6,46,61,-15,38,16
2025,2017-05-13,Everton,37,13,61,41,20,61,7
2026,2017-05-13,Hull City,36,5,36,69,-33,34,18
2027,2017-05-13,Leicester City,36,9,46,56,-10,43,11
2028,2017-05-13,Liverpool,36,10,71,42,29,70,4
2029,2017-05-13,Manchester City,36,11,72,38,34,72,3
2030,2017-05-13,Manchester Utd,35,15,51,27,24,65,6
2031,2017-05-13,Middlesbrough,37,11,27,50,-23,28,19
2032,2017-05-13,Southampton,36,13,41,47,-6,45,9
2033,2017-05-13,Stoke City,37,10,40,56,-16,41,13
2034,2017-05-13,Sunderland,36,6,28,62,-34,24,20
2035,2017-05-13,Swansea City,37,8,43,69,-26,38,17
2036,2017-05-13,Tottenham,35,17,71,23,48,77,2
2037,2017-05-13,Watford,36,7,37,59,-22,40,15
2038,2017-05-13,West Brom,36,6,41,46,-5,45,8
2039,2017-05-13,West Ham,36,10,45,59,-14,42,12
2040,2017-05-14,Arsenal,36,12,72,43,29,69,5
2041,2017-05-14,Bournemouth,37,10,54,66,-12,45,10
2042,2017-05-14,Burnley,37,10,38,53,-15,40,15
2043,2017-05-14,Chelsea,36,16,76,29,47,87,1
2044,2017-05-14,Crystal Palace,37,7,50,61,-11,41,13
2045,2017-05-14,Everton,37,13,61,41,20,61,7
2046,2017-05-14,Hull City,37,5,36,73,-37,34,18
2047,2017-05-14,Leicester City,36,9,46,56,-10,43,11
2048,2017-05-14,Liverpool,37,11,75,42,33,73,3
2049,2017-05-14,Manchester City,36,11,72,38,34,72,4
2050,2017-05-14,Manchester Utd,36,15,52,29,23,65,6
2051,2017-05-14,Middlesbrough,37,11,27,50,-23,28,19
2052,2017-05-14,Southampton,36,13,41,47,-6,45,9
2053,2017-05-14,Stoke City,37,10,40,56,-16,41,14
2054,2017-05-14,Sunderland,36,6,28,62,-34,24,20
2055,2017-05-14,Swansea City,37,8,43,69,-26,38,17
2056,2017-05-14,Tottenham,36,17,73,24,49,80,2
2057,2017-05-14,Watford,36,7,37,59,-22,40,16
2058,2017-05-14,West Brom,36,6,41,46,-5,45,8
2059,2017-05-14,West Ham,37,10,45,63,-18,42,12
2060,2017-05-15,Arsenal,36,12,72,43,29,69,5
2061,2017-05-15,Bournemouth,37,10,54,66,-12,45,10
2062,2017-05-15,Burnley,37,10,38,53,-15,40,15
2063,2017-05-15,Chelsea,37,16,80,32,48,90,1
2064,2017-05-15,Crystal Palace,37,7,50,61,-11,41,13
2065,2017-05-15,Everton,37,13,61,41,20,61,7
2066,2017-05-15,Hull City,37,5,36,73,-37,34,18
2067,2017-05-15,Leicester City,36,9,46,56,-10,43,11
2068,2017-05-15,Liverpool,37,11,75,42,33,73,3
2069,2017-05-15,Manchester City,36,11,72,38,34,72,4
2070,2017-05-15,Manchester Utd,36,15,52,29,23,65,6
2071,2017-05-15,Middlesbrough,37,11,27,50,-23,28,19
2072,2017-05-15,Southampton,36,13,41,47,-6,45,9
2073,2017-05-15,Stoke City,37,10,40,56,-16,41,14
2074,2017-05-15,Sunderland,36,6,28,62,-34,24,20
2075,2017-05-15,Swansea City,37,8,43,69,-26,38,17
2076,2017-05-15,Tottenham,36,17,73,24,49,80,2
2077,2017-05-15,Watford,37,7,40,63,-23,40,16
2078,2017-05-15,West Brom,36,6,41,46,-5,45,8
2079,2017-05-15,West Ham,37,10,45,63,-18,42,12
2080,2017-05-16,Arsenal,37,13,74,43,31,72,5
2081,2017-05-16,Bournemouth,37,10,54,66,-12,45,10
2082,2017-05-16,Burnley,37,10,38,53,-15,40,15
2083,2017-05-16,Chelsea,37,16,80,32,48,90,1
2084,2017-05-16,Crystal Palace,37,7,50,61,-11,41,13
2085,2017-05-16,Everton,37,13,61,41,20,61,7
2086,2017-05-16,Hull City,37,5,36,73,-37,34,18
2087,2017-05-16,Leicester City,36,9,46,56,-10,43,11
2088,2017-05-16,Liverpool,37,11,75,42,33,73,4
2089,2017-05-16,Manchester City,37,11,75,39,36,75,3
2090,2017-05-16,Manchester Utd,36,15,52,29,23,65,6
2091,2017-05-16,Middlesbrough,37,11,27,50,-23,28,19
2092,2017-05-16,Southampton,36,13,41,47,-6,45,8
2093,2017-05-16,Stoke City,37,10,40,56,-16,41,14
2094,2017-05-16,Sunderland,37,6,28,64,-36,24,20
2095,2017-05-16,Swansea City,37,8,43,69,-26,38,17
2096,2017-05-16,Tottenham,36,17,73,24,49,80,2
2097,2017-05-16,Watford,37,7,40,63,-23,40,16
2098,2017-05-16,West Brom,37,6,42,49,-7,45,9
2099,2017-05-16,West Ham,37,10,45,63,-18,42,12
2100,2017-05-17,Arsenal,37,13,74,43,31,72,5
2101,2017-05-17,Bournemouth,37,10,54,66,-12,45,10
2102,2017-05-17,Burnley,37,10,38,53,-15,40,15
2103,2017-05-17,Chelsea,37,16,80,32,48,90,1
2104,2017-05-17,Crystal Palace,37,7,50,61,-11,41,13
2105,2017-05-17,Everton,37,13,61,41,20,61,7
2106,2017-05-17,Hull City,37,5,36,73,-37,34,18
2107,2017-05-17,Leicester City,36,9,46,56,-10,43,11
2108,2017-05-17,Liverpool,37,11,75,42,33,73,4
2109,2017-05-17,Manchester City,37,11,75,39,36,75,3
2110,2017-05-17,Manchester Utd,37,16,52,29,23,66,6
2111,2017-05-17,Middlesbrough,37,11,27,50,-23,28,19
2112,2017-05-17,Southampton,37,14,41,47,-6,46,8
2113,2017-05-17,Stoke City,37,10,40,56,-16,41,14
2114,2017-05-17,Sunderland,37,6,28,64,-36,24,20
2115,2017-05-17,Swansea City,37,8,43,69,-26,38,17
2116,2017-05-17,Tottenham,36,17,73,24,49,80,2
2117,2017-05-17,Watford,37,7,40,63,-23,40,16
2118,2017-05-17,West Brom,37,6,42,49,-7,45,9
2119,2017-05-17,West Ham,37,10,45,63,-18,42,12
2120,2017-05-18,Arsenal,37,13,74,43,31,72,5
2121,2017-05-18,Bournemouth,37,10,54,66,-12,45,10
2122,2017-05-18,Burnley,37,10,38,53,-15,40,15
2123,2017-05-18,Chelsea,37,16,80,32,48,90,1
2124,2017-05-18,Crystal Palace,37,7,50,61,-11,41,13
2125,2017-05-18,Everton,37,13,61,41,20,61,7
2126,2017-05-18,Hull City,37,5,36,73,-37,34,18
2127,2017-05-18,Leicester City,37,9,47,62,-15,43,11
2128,2017-05-18,Liverpool,37,11,75,42,33,73,4
2129,2017-05-18,Manchester City,37,11,75,39,36,75,3
2130,2017-05-18,Manchester Utd,37,16,52,29,23,66,6
2131,2017-05-18,Middlesbrough,37,11,27,50,-23,28,19
2132,2017-05-18,Southampton,37,14,41,47,-6,46,8
2133,2017-05-18,Stoke City,37,10,40,56,-16,41,14
2134,2017-05-18,Sunderland,37,6,28,64,-36,24,20
2135,2017-05-18,Swansea City,37,8,43,69,-26,38,17
2136,2017-05-18,Tottenham,37,17,79,25,54,83,2
2137,2017-05-18,Watford,37,7,40,63,-23,40,16
2138,2017-05-18,West Brom,37,6,42,49,-7,45,9
2139,2017-05-18,West Ham,37,10,45,63,-18,42,12
2140,2017-05-21,Arsenal,38,13,77,44,33,75,5
2141,2017-05-21,Bournemouth,38,10,55,67,-12,46,9
2142,2017-05-21,Burnley,38,10,39,55,-16,40,16
2143,2017-05-21,Chelsea,38,16,85,33,52,93,1
2144,2017-05-21,Crystal Palace,38,7,50,63,-13,41,14
2145,2017-05-21,Everton,38,13,62,44,18,61,7
2146,2017-05-21,Hull City,38,5,37,80,-43,34,18
2147,2017-05-21,Leicester City,38,9,48,63,-15,44,12
2148,2017-05-21,Liverpool,38,12,78,42,36,76,4
2149,2017-05-21,Manchester City,38,12,80,39,41,78,3
2150,2017-05-21,Manchester Utd,38,17,54,29,25,69,6
2151,2017-05-21,Middlesbrough,38,11,27,53,-26,28,19
2152,2017-05-21,Southampton,38,14,41,48,-7,46,8
2153,2017-05-21,Stoke City,38,11,41,56,-15,44,13
2154,2017-05-21,Sunderland,38,6,29,69,-40,24,20
2155,2017-05-21,Swansea City,38,8,45,70,-25,41,15
2156,2017-05-21,Tottenham,38,17,86,26,60,86,2
2157,2017-05-21,Watford,38,7,40,68,-28,40,17
2158,2017-05-21,West Brom,38,6,43,51,-8,45,10
2159,2017-05-21,West Ham,38,10,47,64,-17,45,11
